1/1/2016 21:11,1/1/2016 21:17,Almire,9298608912,21,318886,Fort Pierce,Fort Pierce,5.1,49.98,Bike,Meal/Entertain,Johanna,9181026109,YES,3.6,YES,Gpay,0%,49.98,Cancelled
1/2/2016 20:25,1/2/2016 20:38,Frazier,8621617385,27,318886,Fort Pierce,Fort Pierce,4.8,47.04,Bike,Errand/Supplies,Charlot,9855403124,YES,4.5,YES,Phonpe,0%,47.04,Arrived
1/5/2016 17:31,1/5/2016 17:45,Editha,9954004976,20,318886,Fort Pierce,Fort Pierce,4.7,46.06,Bike,Meeting,Cissy,9328907059,YES,4.8,YES,Paytm,0%,46.06,Assigned
1/6/2016 14:42,1/6/2016 15:49,Deeyn,9885727873,34,318886,Fort Pierce,West Palm Beach,63.7,624.26,Bike,Customer Visit,Luelle,9774674359,NO,4.9,YES,Uber wallet,10%,561.834,Assigned
1/6/2016 17:15,1/6/2016 17:19,Correy,9661756645,28,475241,West Palm Beach,West Palm Beach,4.3,42.14,Bike,Meal/Entertain,Myrle,9425892986,NO,5,NO,cash,0%,42.14,Assigned
1/6/2016 17:30,1/6/2016 17:35,Bryan,8721880095,50,475241,West Palm Beach,Palm Beach,7.1,69.58,Bike,Meeting,Duncan,9611855033,YES,3,YES,Uber wallet,10%,76.538,Arrived
1/7/2016 13:27,1/7/2016 13:33,Crissy,8579258893,68,265814,Cary,Cary,0.8,7.84,Bike,Meeting,Carine,9700998304,YES,3.6,YES,Uber wallet,10%,8.624,Assigned
1/10/2016 8:05,1/10/2016 8:25,Kendre,8900099665,31,265814,Cary,Morrisville,8.3,81.34,Bike,Meeting,Collette,9212537431,YES,3.9,YES,Uber wallet,10%,89.474,Assigned
1/10/2016 12:17,1/10/2016 12:44,Aymer,9918333307,47,386077,Jamaica,New York,16.5,161.7,Bike,Customer Visit,Killie,9426616674,NO,4.2,YES,Uber wallet,10%,177.87,Arrived
1/10/2016 15:08,1/10/2016 15:51,Gabbey,9050095157,59,125733,New York,Queens,10.8,105.84,Bike,Meeting,Ellette,8949025277,NO,4.8,NO,cash,0%,105.84,Assigned
1/10/2016 18:18,1/10/2016 18:53,Cammi,7884885405,19,646882,Elmhurst,New York,7.5,73.5,Bike,Meeting,Amara,9247349792,YES,3.6,YES,Gpay,0%,73.5,Assigned
1/10/2016 19:12,1/10/2016 19:32,Carlyle,8333928562,22,625132,Midtown,East Harlem,6.2,60.76,Bike,Meeting,Ashlee,9332965757,YES,4.5,YES,Gpay,0%,60.76,Arrived
1/11/2016 8:55,1/11/2016 9:21,Zedekiah,8283676665,74,210314,East Harlem,NoMad,6.4,62.72,Bike,Temporary Site,Kim,9267421665,YES,4.8,YES,Phonpe,0%,62.72,Assigned
1/11/2016 11:56,1/11/2016 12:03,Sioux,8362408033,75,484320,Flatiron District,Midtown,1.6,15.68,Bike,Errand/Supplies,Jacky,9472034451,NO,4.9,YES,Paytm,0%,15.68,Arrived
1/11/2016 13:32,1/11/2016 13:46,Mathian,9734846586,62,625132,Midtown,Midtown East,1.7,16.66,Bike,Meal/Entertain,Mikkel,9117822322,NO,5,NO,Uber wallet,10%,14.994,Arrived
1/11/2016 14:30,1/11/2016 14:43,Maggie,7951534876,36,491563,Midtown East,Midtown,1.9,18.62,Bike,Meal/Entertain,Geri,9738692778,YES,3,YES,cash,0%,18.62,Arrived
1/12/2016 12:33,1/12/2016 12:49,Maurice,7932768286,40,625132,Midtown,Hudson Square,1.9,18.62,Bike,Meal/Entertain,Stanislas,9564616492,YES,3.6,YES,Uber wallet,10%,20.482,Assigned
1/12/2016 12:53,1/12/2016 13:09,Timi,9323566102,35,509117,Hudson Square,Lower Manhattan,4,39.2,Bike,Meal/Entertain,Yvon,9985025265,YES,3.9,YES,Uber wallet,10%,43.12,Arrived
1/12/2016 14:42,1/12/2016 14:56,Janey,8572258661,55,223672,Lower Manhattan,Hudson Square,1.8,17.64,Bike,Errand/Supplies,Jaine,9593730071,NO,4.2,YES,Uber wallet,10%,19.404,Assigned
1/12/2016 15:13,1/12/2016 15:28,Huntlee,9974250697,32,318886,Fort Pierce,Hell's Kitchen,2.4,23.52,Bike,Customer Visit,Abbi,9652057745,NO,4.8,NO,Uber wallet,10%,25.872,Assigned
1/12/2016 15:42,1/12/2016 15:54,Evania,9370194252,66,318886,Fort Pierce,Midtown,2,19.6,Bike,Errand/Supplies,Mair,9111821429,YES,3.6,YES,cash,0%,19.6,Cancelled
1/12/2016 16:02,1/12/2016 17:00,Mayne,9557445925,50,318886,Fort Pierce,Queens County,15.1,147.98,Bike,Meeting,Teriann,9115587792,YES,4.5,YES,Gpay,0%,147.98,Arrived
1/13/2016 13:54,1/13/2016 14:07,Iain,9313837934,35,318886,Fort Pierce,Gulfton,11.2,109.76,Bike,Meeting,Carmine,9904076761,YES,4.8,YES,Gpay,0%,109.76,Arrived
1/13/2016 15:00,1/13/2016 15:28,Moore,8692496691,33,475241,West Palm Beach,Downtown,11.8,115.64,Bike,Meeting,Margi,9843393882,NO,4.9,YES,Phonpe,0%,115.64,Arrived
1/14/2016 16:29,1/14/2016 17:05,Clim,8859680135,78,475241,West Palm Beach,Houston,21.9,328.5,Auto,Customer Visit,Dora,9878699673,NO,5,NO,Paytm,0%,328.5,Assigned
1/14/2016 21:39,1/14/2016 21:45,Pauline,9628632105,34,265814,Cary,Jamestown Court,3.9,58.5,Auto,Errand/Supplies,Dorothee,8987901265,YES,3,YES,Uber wallet,10%,52.65,Assigned
1/15/2016 0:41,1/15/2016 1:01,Aldrich,9738953787,22,265814,Cary,Cary,8,120,Auto,Errand/Supplies,Kurt,9565375637,YES,3.6,YES,cash,0%,120,Assigned
1/15/2016 11:43,1/15/2016 12:03,Tobye,8168506868,58,386077,Jamaica,Durham,10.4,156,Auto,Meal/Entertain,Jens,9725097468,YES,3.9,YES,Uber wallet,10%,171.6,Arrived
1/15/2016 13:26,1/15/2016 13:44,Skipton,7898380776,79,125733,New York,Cary,10.4,156,Auto,Meal/Entertain,Elsy,9465339838,NO,4.2,YES,Uber wallet,10%,171.6,Arrived
1/18/2016 14:55,1/18/2016 15:06,Geordie,8410911653,28,646882,Elmhurst,Cary,4.8,72,Auto,Meal/Entertain,Pattin,9611982749,NO,4.8,NO,Uber wallet,10%,79.2,Assigned
1/18/2016 16:13,1/18/2016 16:24,Etienne,9363597337,34,625132,Midtown,Whitebridge,4.7,70.5,Auto,Meal/Entertain,Aylmer,8909617891,YES,3.6,YES,Uber wallet,10%,77.55,Arrived
1/19/2016 10:55,1/19/2016 11:09,Pauli,9283504121,80,210314,East Harlem,Whitebridge,7.6,114,Auto,Temporary Site,Price,9647090347,YES,4.5,YES,cash,0%,114,Arrived
1/20/2016 10:36,1/20/2016 11:11,Lind,8262917624,33,484320,Flatiron District,Raleigh,17.1,256.5,Auto,Meeting,Siegfried,9419083292,YES,4.8,YES,Gpay,0%,256.5,Arrived
1/20/2016 11:48,1/20/2016 12:19,Gillian,8679995190,21,625132,Midtown,Umstead,15.1,226.5,Auto,Meeting,Shaine,9601921145,NO,4.9,YES,Gpay,0%,226.5,Arrived
1/20/2016 13:25,1/20/2016 14:19,Horten,8215695084,43,491563,Midtown East,Cary,40.2,603,Auto,Customer Visit,Kip,9469489820,NO,5,NO,Phonpe,0%,603,Arrived
1/21/2016 14:25,1/21/2016 14:29,Elsy,9238121884,70,625132,Midtown,Cary,1.6,24,Auto,Errand/Supplies,Marve,9503219756,YES,3,YES,Paytm,0%,24,Arrived
1/21/2016 14:43,1/21/2016 14:51,Lotty,8987274835,69,509117,Hudson Square,Cary,2.4,36,Auto,Meal/Entertain,Golda,9151458155,YES,3.6,YES,Uber wallet,10%,32.4,Arrived
1/21/2016 16:01,1/21/2016 16:06,Francene,9971428879,39,223672,Lower Manhattan,Cary,1,15,Auto,Meal/Entertain,Cara,9544903930,YES,3.9,YES,cash,0%,15,Assigned
1/26/2016 10:41,1/26/2016 10:50,Raviv,9643875551,41,318886,Fort Pierce,Hazelwood,2,30,Auto,Meal/Entertain,Rosemaria,9940412574,NO,4.2,YES,Uber wallet,10%,33,Arrived
1/26/2016 12:33,1/26/2016 12:41,Ray,8407563494,50,318886,Fort Pierce,Whitebridge,2.3,34.5,Auto,Errand/Supplies,Haskel,9199720906,NO,4.8,NO,Uber wallet,10%,37.95,Assigned
1/26/2016 16:24,1/26/2016 16:32,Sally,8627191091,37,318886,Fort Pierce,Westpark Place,1.9,28.5,Auto,Errand/Supplies,Ede,9659266471,YES,3.6,YES,Uber wallet,10%,31.35,Arrived
1/26/2016 17:17,1/26/2016 17:22,Gusta,8691607506,74,318886,Fort Pierce,Cary,1.4,21,Auto,Errand/Supplies,Moss,9651245558,YES,4.5,YES,Uber wallet,10%,23.1,Assigned
1/26/2016 17:27,1/26/2016 17:29,Torrey,8010352486,53,475241,West Palm Beach,Cary,0.5,7.5,Auto,Errand/Supplies,Marcelo,9953579053,YES,4.8,YES,cash,0%,7.5,Assigned
1/27/2016 9:24,1/27/2016 9:31,Delphine,9258528452,40,475241,West Palm Beach,Cary,1.8,27,Auto,Meeting,Rosmunda,9622854398,NO,4.9,YES,Gpay,0%,27,Assigned
1/27/2016 10:19,1/27/2016 10:48,Boyce,9183218576,47,265814,Cary,Raleigh,18.7,280.5,Auto,Customer Visit,Cindi,9080785128,NO,5,NO,Gpay,0%,280.5,Arrived
1/27/2016 12:34,1/27/2016 12:44,Guillaume,9634776275,56,265814,Cary,Meredith Townes,3.4,51,Auto,Customer Visit,Dalli,9473518776,YES,3,YES,Phonpe,0%,51,Assigned
1/27/2016 14:05,1/27/2016 14:13,Haley,9611432870,24,386077,Jamaica,Raleigh,2.7,40.5,Auto,Customer Visit,Katherina,8943538488,YES,3.6,YES,Paytm,0%,40.5,Cancelled
1/27/2016 14:46,1/27/2016 15:08,Lauretta,8503279861,72,125733,New York,Cary,12.9,193.5,Auto,Customer Visit,Maximilianus,9126243201,YES,3.9,YES,Uber wallet,10%,174.15,Cancelled
1/28/2016 12:28,1/28/2016 13:00,Debor,9799928921,27,646882,Elmhurst,Raleigh,19,285,Auto,Temporary Site,Selia,9278160744,NO,4.2,YES,cash,0%,285,Assigned
1/28/2016 15:11,1/28/2016 15:31,Berk,8875035370,30,625132,Midtown,Leesville Hollow,14.7,294,Uber-Mini,Meeting,Yasmeen,9942981425,NO,4.8,NO,Uber wallet,10%,323.4,Arrived
1/28/2016 16:21,1/28/2016 16:51,Donavon,9019113296,28,210314,East Harlem,Cary,15.7,314,Uber-Mini,Meeting,Hazel,9637779138,YES,3.6,YES,Uber wallet,10%,345.4,Arrived
1/29/2016 9:31,1/29/2016 9:45,Karl,9527837645,25,484320,Flatiron District,Cary,4.6,92,Uber-Mini,Customer Visit,Sergeant,9287040081,YES,4.5,YES,Uber wallet,10%,101.2,Arrived
1/29/2016 10:56,1/29/2016 11:07,Valentia,9958471700,42,625132,Midtown,Cary,5.2,104,Uber-Mini,Meeting,Dylan,9568651519,YES,4.8,YES,Uber wallet,10%,114.4,Arrived
1/29/2016 11:43,1/29/2016 12:03,Juieta,9073299079,50,491563,Midtown East,Durham,10.4,208,Uber-Mini,Meeting,Daron,9920875911,NO,4.9,YES,cash,0%,208,Cancelled
1/29/2016 13:24,1/29/2016 13:47,Aubert,9524013920,58,625132,Midtown,Cary,10.1,202,Uber-Mini,Meeting,Burk,9891913387,NO,5,NO,Gpay,0%,202,Arrived
1/29/2016 18:31,1/29/2016 18:52,Annamaria,9054025675,78,509117,Hudson Square,Apex,5.8,116,Uber-Mini,Errand/Supplies,Damien,9564694049,YES,3,YES,Gpay,0%,116,Arrived
1/29/2016 21:21,1/29/2016 21:40,Faulkner,9563445551,68,223672,Lower Manhattan,Cary,5.5,110,Uber-Mini,Meal/Entertain,Wadsworth,9432856913,YES,3.6,YES,Phonpe,0%,110,Arrived
1/30/2016 16:21,1/30/2016 16:33,Yance,9956638191,19,318886,Fort Pierce,Apex,5.7,114,Uber-Mini,Errand/Supplies,Charmian,9318311946,YES,3.9,YES,Paytm,0%,114,Arrived
1/30/2016 18:09,1/30/2016 18:24,Robina,9732946647,80,318886,Fort Pierce,Cary,5.7,114,Uber-Mini,Customer Visit,Darlleen,8919116367,NO,4.2,YES,Uber wallet,10%,102.6,Arrived
2/1/2016 10:35,2/1/2016 11:15,Stavros,8197008138,48,318886,Fort Pierce,Chapel Hill,19.4,388,Uber-Mini,Customer Visit,Natty,9385978092,NO,4.8,NO,cash,0%,388,Arrived
2/1/2016 12:10,2/1/2016 12:43,Kaitlyn,8859794201,60,318886,Fort Pierce,Cary,23.3,466,Uber-Mini,Customer Visit,Mord,9463597406,YES,3.6,YES,Uber wallet,10%,512.6,Arrived
2/1/2016 12:56,2/1/2016 13:07,Alena,8378222502,75,475241,West Palm Beach,Whitebridge,3.9,78,Uber-Mini,Meal/Entertain,Anna-diane,9719084220,YES,4.5,YES,Uber wallet,10%,85.8,Assigned
2/2/2016 13:04,2/2/2016 13:23,Frazier,9134955109,54,475241,West Palm Beach,Williamsburg Manor,8.3,166,Uber-Mini,Meeting,Adria,9716297651,YES,4.8,YES,Uber wallet,10%,182.6,Arrived
2/2/2016 13:51,2/2/2016 14:06,Suzette,9111270859,16,265814,Cary,Cary,6,120,Uber-Mini,Errand/Supplies,Tonie,9377216281,NO,4.9,YES,Uber wallet,10%,132,Arrived
2/2/2016 14:38,2/2/2016 14:42,Norene,9202013524,40,265814,Cary,Cary,1.6,32,Uber-Mini,Errand/Supplies,Kain,9790394844,NO,5,NO,cash,0%,32,Arrived
2/4/2016 8:40,2/4/2016 9:01,Othello,8168340115,50,386077,Jamaica,Morrisville,5.2,104,Uber-Mini,Errand/Supplies,Bent,9043361497,YES,3,YES,Gpay,0%,104,Arrived
2/4/2016 9:37,2/4/2016 10:09,Fleur,7852639613,44,125733,New York,Cary,9.7,194,Uber-Mini,Meal/Entertain,Edin,9697011867,YES,3.6,YES,Gpay,0%,194,Assigned
2/4/2016 10:26,2/4/2016 10:32,Tamarah,8206096602,80,646882,Elmhurst,Cary,1.6,32,Uber-Mini,Meal/Entertain,Virginie,9997174517,YES,3.9,YES,Phonpe,0%,32,Arrived
2/4/2016 15:59,2/4/2016 16:03,Lu,8766263327,54,625132,Midtown,Cary,1.1,22,Uber-Mini,Meal/Entertain,Lebbie,9481499608,NO,4.2,YES,Paytm,0%,22,Cancelled
2/4/2016 16:35,2/4/2016 16:39,Stace,7867224866,23,210314,East Harlem,Cary,1.6,32,Uber-Mini,Meal/Entertain,Pen,9721300884,NO,4.8,NO,Uber wallet,10%,28.8,Cancelled
2/4/2016 18:04,2/4/2016 18:31,Matthieu,9383243581,19,484320,Flatiron District,Macgregor Downs,9,180,Uber-Mini,Meeting,Costanza,9370918724,YES,3.6,YES,cash,0%,180,Cancelled
2/4/2016 20:36,2/4/2016 20:55,Bram,7824617595,71,625132,Midtown,Cary,7.7,154,Uber-Mini,Meeting,Carry,9105650281,YES,4.5,YES,Uber wallet,10%,169.4,Arrived
2/5/2016 11:47,2/5/2016 12:07,Melesa,8049272526,80,491563,Midtown East,Durham,10.4,208,Uber-Mini,Meeting,Charlena,9610925288,YES,4.8,YES,Uber wallet,10%,228.8,Arrived
2/5/2016 13:22,2/5/2016 13:41,Cathleen,8603504253,29,625132,Midtown,Cary,10.4,208,Uber-Mini,Meeting,Sybila,9832868081,NO,4.9,YES,Uber wallet,10%,228.8,Arrived
2/6/2016 16:20,2/6/2016 16:53,Stefan,9194958211,55,509117,Hudson Square,Raleigh,11.4,285,Uber-Micro,Between Offices,Sandy,9699969249,NO,5,NO,Uber wallet,10%,313.5,Arrived
2/6/2016 18:57,2/6/2016 19:21,Carolan,8493581856,53,223672,Lower Manhattan,Cary,9,225,Uber-Micro,Errand/Supplies,Cher,8925244829,YES,3,YES,cash,0%,225,Arrived
2/6/2016 19:28,2/6/2016 19:37,Gawain,9320065692,43,318886,Fort Pierce,Whitebridge,3.2,80,Uber-Micro,Meal/Entertain,Mannie,9666858187,YES,3.6,YES,Gpay,0%,80,Arrived
2/7/2016 16:49,2/7/2016 17:01,Alfy,9861243790,32,318886,Fort Pierce,Apex,5.6,140,Uber-Micro,Errand/Supplies,Chelsie,9909705701,YES,3.9,YES,Gpay,0%,140,Arrived
2/7/2016 18:03,2/7/2016 18:17,Arlin,9005382330,36,318886,Fort Pierce,Cary,5.7,142.5,Uber-Micro,Customer Visit,Roxy,9108173687,NO,4.2,YES,Phonpe,0%,142.5,Arrived
2/7/2016 18:39,2/7/2016 18:53,Cassius,9309163124,69,318886,Fort Pierce,Morrisville,6.1,152.5,Uber-Micro,Temporary Site,Kimberly,9046703627,NO,4.8,NO,Paytm,0%,152.5,Arrived
2/7/2016 20:22,2/7/2016 20:40,Westbrook,9007901323,49,475241,West Palm Beach,Cary,6.1,152.5,Uber-Micro,Meeting,Allx,9314741730,YES,3.6,YES,Uber wallet,10%,137.25,Arrived
2/8/2016 12:57,2/8/2016 13:08,Matthus,8793905885,32,475241,West Palm Beach,Edgehill Farms,4.3,107.5,Uber-Micro,Meal/Entertain,Saundra,8941426219,YES,4.5,YES,cash,0%,107.5,Arrived
2/8/2016 14:00,2/8/2016 14:10,Saree,8618291156,77,265814,Cary,Whitebridge,2.7,67.5,Uber-Micro,Meal/Entertain,Aurlie,9450752773,YES,4.8,YES,Uber wallet,10%,74.25,Arrived
2/9/2016 20:24,2/9/2016 20:40,Carmine,8399952130,21,265814,Cary,Cary,6.1,152.5,Uber-Micro,Meal/Entertain,Silas,9218500771,NO,4.9,YES,Uber wallet,10%,167.75,Arrived
2/11/2016 16:28,2/11/2016 17:10,Crysta,9003775113,28,386077,Jamaica,Raleigh,17.3,432.5,Uber-Micro,Meal/Entertain,Tim,9770864241,NO,5,NO,Uber wallet,10%,475.75,Assigned
2/11/2016 17:49,2/11/2016 18:10,Susana,8095939522,62,125733,New York,Walnut Terrace,5.7,142.5,Uber-Micro,Meal/Entertain,Roderich,9416938772,YES,3,YES,Uber wallet,10%,156.75,Arrived
2/11/2016 18:24,2/11/2016 18:46,Joice,8009607639,76,646882,Elmhurst,Morrisville,13.5,337.5,Uber-Micro,Temporary Site,Tessie,9576093045,YES,3.6,YES,cash,0%,337.5,Assigned
2/11/2016 20:36,2/11/2016 20:51,Darlene,8086542863,54,625132,Midtown,Cary,6.1,152.5,Uber-Micro,Temporary Site,Cher,9354821507,YES,3.9,YES,Gpay,0%,152.5,Arrived
2/12/2016 8:21,2/12/2016 8:42,Blakeley,9972156776,44,210314,East Harlem,Durham,8.5,212.5,Uber-Micro,Temporary Site,Hagan,9790236814,NO,4.2,YES,Gpay,0%,212.5,Assigned
2/12/2016 10:45,2/12/2016 10:52,Chadd,9451864545,32,484320,Flatiron District,Morrisville,2.6,65,Uber-Micro,Temporary Site,Carolus,8900650556,NO,4.8,NO,Phonpe,0%,65,Arrived
2/12/2016 11:14,2/12/2016 11:35,Laurette,9280276647,35,625132,Midtown,Raleigh,17,425,Uber-Micro,Customer Visit,Nicoline,9368382961,YES,3.6,YES,Paytm,0%,425,Assigned
2/12/2016 13:02,2/12/2016 13:36,Rube,8925759355,31,491563,Midtown East,Cary,18,450,Uber-Micro,Meeting,Rhonda,9626523261,YES,4.5,YES,Uber wallet,10%,405,Arrived
2/12/2016 14:49,2/12/2016 15:06,Kit,8598857986,73,625132,Midtown,Morrisville,8.4,210,Uber-Micro,Meeting,Sherry,9578150844,YES,4.8,YES,cash,0%,210,Assigned
2/12/2016 15:33,2/12/2016 16:06,Saunder,9136293682,19,509117,Hudson Square,Cary,11.5,287.5,Uber-Micro,Customer Visit,Robby,9717870716,NO,4.9,YES,Uber wallet,10%,316.25,Assigned
2/13/2016 14:21,2/13/2016 14:41,Val,8472948148,20,223672,Lower Manhattan,Morrisville,8.9,222.5,Uber-Micro,Meeting,Marta,9674805081,NO,5,NO,Uber wallet,10%,244.75,Assigned
2/13/2016 23:45,2/14/2016 0:01,Sianna,9321362551,22,318886,Fort Pierce,Jackson Heights,2.7,67.5,Uber-Micro,,Amble,9340628205,YES,3,YES,Uber wallet,10%,74.25,Cancelled
2/14/2016 0:50,2/14/2016 1:00,Chico,8650392362,16,318886,Fort Pierce,East Elmhurst,1.8,45,Uber-Micro,,Rosita,9426832859,YES,3.6,YES,Uber wallet,10%,49.5,Arrived
2/14/2016 14:07,2/14/2016 14:40,Jarvis,9486341645,69,318886,Fort Pierce,New York,8.1,202.5,Uber-Micro,Meeting,Kelly,9539129514,YES,3.9,YES,cash,0%,202.5,Assigned
2/14/2016 14:46,2/14/2016 15:03,Barbabas,8768284674,68,318886,Fort Pierce,Midtown West,2,50,Uber-Micro,Meeting,Loutitia,9577763825,NO,4.2,YES,Gpay,0%,50,Arrived
2/14/2016 16:35,2/14/2016 17:02,Glori,8563960701,15,475241,West Palm Beach,Long Island City,13,390,Prime,Meeting,Romonda,9020496201,NO,4.8,NO,Gpay,0%,390,Assigned
2/14/2016 17:06,2/14/2016 17:29,Murdock,9174576604,38,475241,West Palm Beach,Jamaica,13.9,417,Prime,Meeting,Johanna,9181026109,YES,3.6,YES,Phonpe,0%,417,Arrived
2/16/2016 3:21,2/16/2016 4:13,Nettie,9605464775,78,265814,Cary,Unknown Location,43.7,1311,Prime,Customer Visit,Charlot,9855403124,YES,4.5,YES,Paytm,0%,1311,Cancelled
2/16/2016 13:43,2/16/2016 13:55,Godart,9049806141,28,265814,Cary,Colombo,1.8,54,Prime,Temporary Site,Cissy,9328907059,YES,4.8,YES,Uber wallet,10%,48.6,Arrived
2/16/2016 17:17,2/16/2016 17:26,Anthiathia,9814382459,63,386077,Jamaica,Nugegoda,1.1,33,Prime,Meal/Entertain,Luelle,9774674359,NO,4.9,YES,cash,0%,33,Arrived
2/16/2016 17:40,2/16/2016 17:44,Tracy,8099774834,66,125733,New York,Unknown Location,3.6,108,Prime,Errand/Supplies,Myrle,9425892986,NO,5,NO,Uber wallet,10%,118.8,Cancelled
2/17/2016 13:18,2/17/2016 14:04,Annadiane,8292572559,32,646882,Elmhurst,Colombo,14.7,441,Prime,Temporary Site,Duncan,9611855033,YES,3,YES,Uber wallet,10%,485.1,Assigned
2/17/2016 15:17,2/17/2016 15:22,Montague,7893200390,32,625132,Midtown,Colombo,1.7,51,Prime,Meal/Entertain,Carine,9700998304,YES,3.6,YES,Uber wallet,10%,56.1,Assigned
2/17/2016 15:33,2/17/2016 16:17,Constancia,8142607750,45,210314,East Harlem,Katunayaka,21.4,642,Prime,Temporary Site,Collette,9212537431,YES,3.9,YES,Uber wallet,10%,706.2,Assigned
2/17/2016 16:38,2/17/2016 16:43,Gaspard,8258163145,60,484320,Flatiron District,Katunayaka,0.5,15,Prime,Errand/Supplies,Killie,9426616674,NO,4.2,YES,cash,0%,15,Arrived
2/18/2016 8:19,2/18/2016 8:27,Tressa,9894627766,39,625132,Midtown,Unknown Location,23.5,705,Prime,Temporary Site,Ellette,8949025277,NO,4.8,NO,Gpay,0%,705,Assigned
2/18/2016 14:03,2/18/2016 14:45,Flin,9652320656,45,491563,Midtown East,Islamabad,12.7,381,Prime,Temporary Site,Amara,9247349792,YES,3.6,YES,Gpay,0%,381,Cancelled
2/18/2016 15:16,2/18/2016 15:31,Brynn,9739279688,41,625132,Midtown,Unknown Location,6,180,Prime,Temporary Site,Ashlee,9332965757,YES,4.5,YES,Phonpe,0%,180,Assigned
2/18/2016 18:44,2/18/2016 18:58,Glenine,8394273815,43,509117,Hudson Square,Islamabad,5.2,156,Prime,Customer Visit,Kim,9267421665,YES,4.8,YES,Paytm,0%,156,Assigned
2/18/2016 19:27,2/18/2016 20:08,Bidget,7810555297,78,223672,Lower Manhattan,Unknown Location,10,300,Prime,Meeting,Jacky,9472034451,NO,4.9,YES,Uber wallet,10%,270,Assigned
2/19/2016 9:02,2/19/2016 9:14,Celeste,8747629140,68,318886,Fort Pierce,Unknown Location,18.3,549,Prime,Meeting,Mikkel,9117822322,NO,5,NO,cash,0%,549,Assigned
2/19/2016 9:21,2/19/2016 9:51,Ekaterina,9087505645,62,318886,Fort Pierce,Unknown Location,11.2,336,Prime,Meeting,Geri,9738692778,YES,3,YES,Uber wallet,10%,369.6,Assigned
2/19/2016 10:21,2/19/2016 10:48,Jacqueline,8018948385,51,318886,Fort Pierce,Islamabad,7.6,228,Prime,Meeting,Stanislas,9564616492,YES,3.6,YES,Uber wallet,10%,250.8,Cancelled
2/19/2016 11:20,2/19/2016 11:26,Ebony,8068958956,54,318886,Fort Pierce,Islamabad,1.5,45,Prime,,Yvon,9985025265,YES,3.9,YES,Uber wallet,10%,49.5,Arrived
2/19/2016 11:45,2/19/2016 11:50,Emmerich,7925853152,69,475241,West Palm Beach,Islamabad,1,30,Prime,,Jaine,9593730071,NO,4.2,YES,Uber wallet,10%,33,Assigned
2/19/2016 12:09,2/19/2016 12:27,Corine,8205967066,41,475241,West Palm Beach,Unknown Location,7.3,219,Prime,Temporary Site,Abbi,9652057745,NO,4.8,NO,cash,0%,219,Assigned
2/20/2016 14:50,2/20/2016 15:54,Edithe,8343380146,36,265814,Cary,R?walpindi,23.1,693,Prime,Meeting,Mair,9111821429,YES,3.6,YES,Gpay,0%,693,Assigned
2/20/2016 16:59,2/20/2016 17:54,Fremont,7880587666,46,265814,Cary,Unknown Location,16.5,495,Prime,,Teriann,9115587792,YES,4.5,YES,Gpay,0%,495,Assigned
2/20/2016 18:00,2/20/2016 18:03,Packston,9676104553,57,386077,Jamaica,Unknown Location,3.2,96,Prime,Errand/Supplies,Carmine,9904076761,YES,4.8,YES,Phonpe,0%,96,Assigned
2/20/2016 19:28,2/20/2016 19:49,Freda,8311926128,66,125733,New York,Unknown Location,7.7,231,Prime,Errand/Supplies,Margi,9843393882,NO,4.9,YES,Paytm,0%,231,Assigned
2/21/2016 9:07,2/21/2016 9:46,Joelle,9999234556,35,646882,Elmhurst,Islamabad,14.5,142.1,Bike,,Dora,9878699673,NO,5,NO,Uber wallet,10%,127.89,Arrived
2/21/2016 11:39,2/21/2016 11:43,Marybelle,9123369720,34,625132,Midtown,Islamabad,2.4,23.52,Bike,Errand/Supplies,Dorothee,8987901265,YES,3,YES,cash,0%,23.52,Assigned
2/21/2016 11:47,2/21/2016 12:01,Arlina,7973924372,21,210314,East Harlem,Islamabad,4.6,45.08,Bike,Errand/Supplies,Kurt,9565375637,YES,3.6,YES,Uber wallet,10%,49.588,Assigned
2/21/2016 12:13,2/21/2016 12:35,Griselda,7990414309,60,484320,Flatiron District,Unknown Location,8.8,86.24,Bike,Meal/Entertain,Jens,9725097468,YES,3.9,YES,Uber wallet,10%,94.864,Cancelled
2/21/2016 12:51,2/21/2016 13:12,Sarine,9719183339,76,625132,Midtown,Unknown Location,8.3,81.34,Bike,Temporary Site,Elsy,9465339838,NO,4.2,YES,Uber wallet,10%,89.474,Assigned
2/21/2016 13:33,2/21/2016 14:30,Roderigo,9797736736,76,491563,Midtown East,Unknown Location,22.7,222.46,Bike,Temporary Site,Pattin,9611982749,NO,4.8,NO,Uber wallet,10%,244.706,Assigned
2/21/2016 14:36,2/21/2016 15:03,Farlee,7950367352,40,625132,Midtown,Islamabad,13,127.4,Bike,Temporary Site,Aylmer,8909617891,YES,3.6,YES,cash,0%,127.4,Assigned
2/21/2016 15:14,2/21/2016 15:31,Elsinore,9971894285,29,509117,Hudson Square,Noorpur Shahan,8.1,79.38,Bike,Temporary Site,Price,9647090347,YES,4.5,YES,Gpay,0%,79.38,Cancelled
2/21/2016 15:36,2/21/2016 15:41,May,8078724389,40,223672,Lower Manhattan,Unknown Location,2.2,21.56,Bike,Meal/Entertain,Siegfried,9419083292,YES,4.8,YES,Gpay,0%,21.56,Assigned
2/21/2016 16:04,2/21/2016 16:32,Gerhard,8359962342,23,318886,Fort Pierce,Unknown Location,9.7,95.06,Bike,,Shaine,9601921145,NO,4.9,YES,Phonpe,0%,95.06,Assigned
2/21/2016 23:15,2/21/2016 23:52,Madison,8329369919,64,318886,Fort Pierce,R?walpindi,20,196,Bike,Meeting,Kip,9469489820,NO,5,NO,Paytm,0%,196,Assigned
2/22/2016 21:54,2/22/2016 22:09,Cristina,9429939034,50,318886,Fort Pierce,Cary,8.1,79.38,Bike,Customer Visit,Marve,9503219756,YES,3,YES,Uber wallet,10%,71.442,Assigned
2/24/2016 14:30,2/24/2016 14:35,Lindsey,9943688842,16,318886,Fort Pierce,Preston,1.5,14.7,Bike,,Golda,9151458155,YES,3.6,YES,cash,0%,14.7,Assigned
2/24/2016 15:19,2/24/2016 15:25,Dugald,9234000436,21,475241,West Palm Beach,Whitebridge,1.7,16.66,Bike,Errand/Supplies,Cara,9544903930,YES,3.9,YES,Uber wallet,10%,18.326,Assigned
2/25/2016 16:27,2/25/2016 16:35,Delly,8731948198,18,475241,West Palm Beach,Heritage Pines,3.1,30.38,Bike,Errand/Supplies,Rosemaria,9940412574,NO,4.2,YES,Uber wallet,10%,33.418,Assigned
2/25/2016 16:47,2/25/2016 17:02,Cristy,9978938046,80,265814,Cary,Whitebridge,3.2,31.36,Bike,Errand/Supplies,Haskel,9199720906,NO,4.8,NO,Uber wallet,10%,34.496,Assigned
2/25/2016 17:16,2/25/2016 17:36,Georgia,9964281782,16,265814,Cary,Tanglewood,6,58.8,Bike,Meal/Entertain,Ede,9659266471,YES,3.6,YES,Uber wallet,10%,64.68,Assigned
2/25/2016 18:22,2/25/2016 18:39,Enid,9634348404,77,386077,Jamaica,Whitebridge,5.8,56.84,Bike,Meal/Entertain,Moss,9651245558,YES,4.5,YES,cash,0%,56.84,Assigned
2/26/2016 9:06,2/26/2016 9:29,Renata,8883411378,73,125733,New York,Westpark Place,6.3,61.74,Bike,,Marcelo,9953579053,YES,4.8,YES,Gpay,0%,61.74,Assigned
2/26/2016 11:05,2/26/2016 11:11,Valaree,8611069382,49,646882,Elmhurst,Whitebridge,1.7,16.66,Bike,,Rosmunda,9622854398,NO,4.9,YES,Gpay,0%,16.66,Assigned
2/26/2016 11:35,2/26/2016 11:59,Kathie,8599441127,53,625132,Midtown,Durham,10.6,103.88,Bike,Meeting,Cindi,9080785128,NO,5,NO,Phonpe,0%,103.88,Assigned
2/26/2016 13:01,2/26/2016 13:24,Gillan,9400915130,18,210314,East Harlem,Cary,9.9,97.02,Bike,Meeting,Dalli,9473518776,YES,3,YES,Paytm,0%,97.02,Assigned
2/26/2016 14:38,2/26/2016 14:46,Lisetta,8357560956,25,484320,Flatiron District,Westpark Place,1.9,18.62,Bike,,Katherina,8943538488,YES,3.6,YES,Uber wallet,10%,16.758,Arrived
2/26/2016 15:00,2/26/2016 15:18,Dannie,9523767306,35,625132,Midtown,Hazelwood,4.2,41.16,Bike,,Maximilianus,9126243201,YES,3.9,YES,cash,0%,41.16,Arrived
2/26/2016 17:01,2/26/2016 17:12,Antonietta,9108540691,76,491563,Midtown East,Whitebridge,2,30,Auto,,Selia,9278160744,NO,4.2,YES,Uber wallet,10%,33,Arrived
2/28/2016 5:22,2/28/2016 5:38,Arliene,8559645831,47,625132,Midtown,Waverly Place,7.7,115.5,Auto,Meeting,Yasmeen,9942981425,NO,4.8,NO,Uber wallet,10%,127.05,Assigned
2/28/2016 9:26,2/28/2016 9:42,Merilee,8885943038,32,509117,Hudson Square,Whitebridge,6.8,102,Auto,Meeting,Hazel,9637779138,YES,3.6,YES,Uber wallet,10%,112.2,Assigned
2/29/2016 11:07,2/29/2016 11:14,Mikol,8724837041,20,223672,Lower Manhattan,Westpark Place,2.1,31.5,Auto,,Sergeant,9287040081,YES,4.5,YES,Uber wallet,10%,34.65,Cancelled
2/29/2016 11:30,2/29/2016 11:40,Shaine,7782397375,20,318886,Fort Pierce,Apex,3.8,57,Auto,Meeting,Dylan,9568651519,YES,4.8,YES,cash,0%,57,Cancelled
2/29/2016 12:36,2/29/2016 12:48,Teresa,8598027745,79,318886,Fort Pierce,Cary,5.6,84,Auto,Meeting,Daron,9920875911,NO,4.9,YES,Gpay,0%,84,Assigned
2/29/2016 14:55,2/29/2016 15:03,Mark,8506342808,62,318886,Fort Pierce,Hazelwood,2.6,39,Auto,,Burk,9891913387,NO,5,NO,Gpay,0%,39,Cancelled
2/29/2016 16:40,2/29/2016 17:00,Shayna,8594561501,74,318886,Fort Pierce,Whitebridge,6.6,99,Auto,Customer Visit,Damien,9564694049,YES,3,YES,Phonpe,0%,99,Assigned
3/1/2016 18:47,3/1/2016 19:10,Ara,9884943098,40,475241,West Palm Beach,Wayne Ridge,8,120,Auto,Meal/Entertain,Wadsworth,9432856913,YES,3.6,YES,Paytm,0%,120,Assigned
3/1/2016 21:27,3/1/2016 21:45,Dosi,8781658912,74,475241,West Palm Beach,Whitebridge,8,120,Auto,Meeting,Charmian,9318311946,YES,3.9,YES,Uber wallet,10%,108,Arrived
3/3/2016 9:45,3/3/2016 9:52,Tallou,8867560321,43,265814,Cary,Westpark Place,2.2,33,Auto,,Darlleen,8919116367,NO,4.2,YES,cash,0%,33,Assigned
3/3/2016 11:04,3/3/2016 11:10,Cherilynn,8318533937,21,265814,Cary,Whitebridge,2.3,34.5,Auto,Errand/Supplies,Natty,9385978092,NO,4.8,NO,Uber wallet,10%,37.95,Assigned
3/3/2016 14:44,3/3/2016 14:58,Rafaela,8309613182,41,386077,Jamaica,Northwoods,5.2,78,Auto,Meal/Entertain,Mord,9463597406,YES,3.6,YES,Uber wallet,10%,85.8,Assigned
3/3/2016 15:27,3/3/2016 15:48,Monti,9502441350,77,125733,New York,Raleigh,7.6,114,Auto,Customer Visit,Anna-diane,9719084220,YES,4.5,YES,Uber wallet,10%,125.4,Assigned
3/3/2016 16:02,3/3/2016 16:42,Audrie,9408994256,49,646882,Elmhurst,Cary,17.3,259.5,Auto,Meeting,Adria,9716297651,YES,4.8,YES,Uber wallet,10%,285.45,Assigned
3/4/2016 7:47,3/4/2016 8:06,Shelton,7872932814,16,625132,Midtown,Durham,9.9,148.5,Auto,Meeting,Tonie,9377216281,NO,4.9,YES,cash,0%,148.5,Assigned
3/4/2016 9:46,3/4/2016 10:03,Hewe,8775916930,43,210314,East Harlem,Cary,9.9,148.5,Auto,Customer Visit,Kain,9790394844,NO,5,NO,Gpay,0%,148.5,Assigned
3/4/2016 11:46,3/4/2016 12:06,Junia,8049350036,58,484320,Flatiron District,Durham,10.4,156,Auto,Meeting,Bent,9043361497,YES,3,YES,Gpay,0%,156,Arrived
3/4/2016 13:03,3/4/2016 13:25,Christoph,7922357384,30,625132,Midtown,Cary,10.9,163.5,Auto,Meeting,Edin,9697011867,YES,3.6,YES,Phonpe,0%,163.5,Arrived
3/4/2016 13:40,3/4/2016 14:09,Sherye,7808565327,23,491563,Midtown East,Raleigh,15.7,235.5,Auto,Customer Visit,Virginie,9997174517,YES,3.9,YES,Paytm,0%,235.5,Arrived
3/4/2016 15:56,3/4/2016 16:08,Faun,9353811530,74,625132,Midtown,Raleigh,4.9,73.5,Auto,Meal/Entertain,Lebbie,9481499608,NO,4.2,YES,Uber wallet,10%,66.15,Arrived
3/4/2016 16:16,3/4/2016 16:22,Pierette,7921128002,31,509117,Hudson Square,Depot Historic District,0.8,12,Auto,Errand/Supplies,Pen,9721300884,NO,4.8,NO,cash,0%,12,Assigned
3/4/2016 16:43,3/4/2016 17:12,Arlette,9933168814,59,223672,Lower Manhattan,Cary,13.5,202.5,Auto,Meeting,Costanza,9370918724,YES,3.6,YES,Uber wallet,10%,222.75,Assigned
3/4/2016 19:02,3/4/2016 19:08,Rubie,8629323068,41,318886,Fort Pierce,Morrisville,1.9,28.5,Auto,Temporary Site,Carry,9105650281,YES,4.5,YES,Uber wallet,10%,31.35,Assigned
3/4/2016 19:16,3/4/2016 19:25,Flossie,9917629139,34,318886,Fort Pierce,Cary,2,30,Auto,Meal/Entertain,Charlena,9610925288,YES,4.8,YES,Uber wallet,10%,33,Cancelled
3/5/2016 11:44,3/5/2016 11:59,Ches,7954655362,19,318886,Fort Pierce,Morrisville,6.5,130,Uber-Mini,Meal/Entertain,Sybila,9832868081,NO,4.9,YES,Uber wallet,10%,143,Arrived
3/5/2016 12:57,3/5/2016 13:12,Harbert,8686763425,54,318886,Fort Pierce,Weston,4.2,84,Uber-Mini,,Sandy,9699969249,NO,5,NO,cash,0%,84,Assigned
3/5/2016 14:08,3/5/2016 14:18,Katalin,9232122046,31,475241,West Palm Beach,Cary,3.5,70,Uber-Mini,,Cher,8925244829,YES,3,YES,Gpay,0%,70,Assigned
3/5/2016 14:39,3/5/2016 15:01,Cornelia,8572864267,18,475241,West Palm Beach,Wayne Ridge,7.8,156,Uber-Mini,Meal/Entertain,Mannie,9666858187,YES,3.6,YES,Gpay,0%,156,Assigned
3/5/2016 16:52,3/5/2016 17:13,Luce,8681730287,56,265814,Cary,Morrisville,7.8,156,Uber-Mini,Meal/Entertain,Chelsie,9909705701,YES,3.9,YES,Phonpe,0%,156,Arrived
3/5/2016 17:23,3/5/2016 17:34,Jone,8331147447,26,265814,Cary,Cary,3.9,78,Uber-Mini,Meal/Entertain,Roxy,9108173687,NO,4.2,YES,Paytm,0%,78,Cancelled
3/7/2016 9:10,3/7/2016 9:20,Locke,9769355205,71,386077,Jamaica,Edgehill Farms,2.8,56,Uber-Mini,Errand/Supplies,Kimberly,9046703627,NO,4.8,NO,Uber wallet,10%,50.4,Assigned
3/7/2016 9:23,3/7/2016 9:47,Kienan,8637934218,67,125733,New York,Raleigh,12.4,248,Uber-Mini,Customer Visit,Allx,9314741730,YES,3.6,YES,cash,0%,248,Assigned
3/7/2016 12:10,3/7/2016 12:26,Denny,8857322269,17,646882,Elmhurst,Meredith Townes,5.9,118,Uber-Mini,Customer Visit,Saundra,8941426219,YES,4.5,YES,Uber wallet,10%,129.8,Assigned
3/7/2016 13:57,3/7/2016 14:18,Zachery,7868291870,23,625132,Midtown,Leesville Hollow,9.4,188,Uber-Mini,Meeting,Aurlie,9450752773,YES,4.8,YES,Uber wallet,10%,206.8,Assigned
3/7/2016 15:19,3/7/2016 15:45,Gisele,9521405695,36,210314,East Harlem,Cary,11.9,238,Uber-Mini,Between Offices,Silas,9218500771,NO,4.9,YES,Uber wallet,10%,261.8,Assigned
3/8/2016 14:38,3/8/2016 14:55,Karlotta,9610209776,26,484320,Flatiron District,Waverly Place,7.2,144,Uber-Mini,Between Offices,Tim,9770864241,NO,5,NO,Uber wallet,10%,158.4,Assigned
3/8/2016 15:35,3/8/2016 16:00,Kay,8812724096,71,625132,Midtown,Whitebridge,7.6,152,Uber-Mini,Meal/Entertain,Roderich,9416938772,YES,3,YES,cash,0%,152,Cancelled
3/8/2016 16:13,3/8/2016 16:25,Federico,8624011149,55,491563,Midtown East,Whitebridge,1.6,32,Uber-Mini,,Tessie,9576093045,YES,3.6,YES,Gpay,0%,32,Assigned
3/10/2016 3:36,3/10/2016 3:53,Gavin,8919597609,61,625132,Midtown,Morrisville,8.4,168,Uber-Mini,Meeting,Cher,9354821507,YES,3.9,YES,Gpay,0%,168,Assigned
3/10/2016 10:08,3/10/2016 10:37,Arch,9524746496,64,509117,Hudson Square,West University,12.8,256,Uber-Mini,Meeting,Hagan,9790236814,NO,4.2,YES,Phonpe,0%,256,Assigned
3/10/2016 14:39,3/10/2016 14:55,Gracia,9635305157,46,223672,Lower Manhattan,South Congress,2.3,46,Uber-Mini,,Carolus,8900650556,NO,4.8,NO,Paytm,0%,46,Assigned
3/10/2016 16:18,3/10/2016 16:28,Hermann,7889112398,54,318886,Fort Pierce,Arts District,1.6,32,Uber-Mini,,Nicoline,9368382961,YES,3.6,YES,Uber wallet,10%,28.8,Assigned
3/11/2016 9:47,3/11/2016 9:59,Alejandra,9281002662,66,318886,Fort Pierce,Congress Ave District,2,40,Uber-Mini,Meal/Entertain,Rhonda,9626523261,YES,4.5,YES,cash,0%,40,Assigned
3/11/2016 10:29,3/11/2016 10:36,Jody,8514269511,78,318886,Fort Pierce,Downtown,0.8,16,Uber-Mini,,Sherry,9578150844,YES,4.8,YES,Uber wallet,10%,17.6,Cancelled
3/11/2016 11:57,3/11/2016 12:04,Thom,9406316376,35,318886,Fort Pierce,Red River District,1.2,24,Uber-Mini,,Robby,9717870716,NO,4.9,YES,Uber wallet,10%,26.4,Assigned
3/11/2016 13:43,3/11/2016 13:51,Mal,9236848976,60,475241,West Palm Beach,Downtown,1,20,Uber-Mini,,Marta,9674805081,NO,5,NO,Uber wallet,10%,22,Cancelled
3/11/2016 19:21,3/11/2016 19:35,Westbrook,9005519396,78,475241,West Palm Beach,The Drag,2.1,42,Uber-Mini,,Amble,9340628205,YES,3,YES,Uber wallet,10%,46.2,Arrived
3/12/2016 9:13,3/12/2016 9:22,Othello,8855981167,32,265814,Cary,South Congress,2.2,44,Uber-Mini,,Rosita,9426832859,YES,3.6,YES,cash,0%,44,Arrived
3/12/2016 18:27,3/12/2016 18:37,Sydney,7944646390,68,265814,Cary,The Drag,1.9,38,Uber-Mini,,Kelly,9539129514,YES,3.9,YES,Gpay,0%,38,Arrived
3/13/2016 9:07,3/13/2016 9:37,Hadlee,7815086845,37,386077,Jamaica,Convention Center District,5.7,142.5,Uber-Micro,Meal/Entertain,Loutitia,9577763825,NO,4.2,YES,Gpay,0%,142.5,Arrived
3/13/2016 18:23,3/13/2016 18:43,Abbey,7885586878,59,125733,New York,North Austin,8.4,210,Uber-Micro,Meal/Entertain,Romonda,9020496201,NO,4.8,NO,Phonpe,0%,210,Arrived
3/13/2016 20:07,3/13/2016 20:28,Clarette,9004143725,35,646882,Elmhurst,The Drag,6.2,155,Uber-Micro,Meal/Entertain,Johanna,9181026109,YES,3.6,YES,Paytm,0%,155,Arrived
3/13/2016 20:39,3/13/2016 20:58,Etti,8861056299,46,625132,Midtown,North Austin,10.5,262.5,Uber-Micro,Meal/Entertain,Charlot,9855403124,YES,4.5,YES,Uber wallet,10%,236.25,Arrived
3/13/2016 21:11,3/13/2016 21:23,Leena,9803247836,74,210314,East Harlem,Coxville,7.2,180,Uber-Micro,Meal/Entertain,Cissy,9328907059,YES,4.8,YES,cash,0%,180,Arrived
3/13/2016 22:19,3/13/2016 22:39,Isa,8647116038,23,484320,Flatiron District,The Drag,12.5,312.5,Uber-Micro,,Luelle,9774674359,NO,4.9,YES,Uber wallet,10%,343.75,Arrived
3/14/2016 8:34,3/14/2016 8:49,Lisha,9581054881,76,625132,Midtown,South Congress,2,50,Uber-Micro,Errand/Supplies,Myrle,9425892986,NO,5,NO,Uber wallet,10%,55,Assigned
3/14/2016 18:39,3/14/2016 18:55,Kory,9690858347,41,491563,Midtown East,The Drag,2.7,67.5,Uber-Micro,,Duncan,9611855033,YES,3,YES,Uber wallet,10%,74.25,Arrived
3/15/2016 8:45,3/15/2016 8:57,Ulric,9539927130,31,625132,Midtown,Convention Center District,2,50,Uber-Micro,Meal/Entertain,Carine,9700998304,YES,3.6,YES,Uber wallet,10%,55,Arrived
3/15/2016 20:48,3/15/2016 21:01,Courtnay,9953436973,63,509117,Hudson Square,The Drag,2.8,70,Uber-Micro,Meal/Entertain,Collette,9212537431,YES,3.9,YES,cash,0%,70,Arrived
3/16/2016 11:34,3/16/2016 11:45,Rosemary,9430478551,32,223672,Lower Manhattan,Congress Ave District,1.7,42.5,Uber-Micro,Meal/Entertain,Killie,9426616674,NO,4.2,YES,Gpay,0%,42.5,Assigned
3/16/2016 14:44,3/16/2016 14:55,Kristo,9351918101,43,318886,Fort Pierce,West University,2,50,Uber-Micro,,Ellette,8949025277,NO,4.8,NO,Gpay,0%,50,Arrived
3/16/2016 18:43,3/16/2016 18:56,Lisetta,8297240906,57,318886,Fort Pierce,Congress Ave District,2.1,52.5,Uber-Micro,Meal/Entertain,Amara,9247349792,YES,3.6,YES,Phonpe,0%,52.5,Arrived
3/17/2016 0:33,3/17/2016 0:44,Farra,9302521865,58,318886,Fort Pierce,The Drag,1.7,42.5,Uber-Micro,,Ashlee,9332965757,YES,4.5,YES,Paytm,0%,42.5,Assigned
3/17/2016 12:52,3/17/2016 15:11,Gustavo,9327637154,60,318886,Fort Pierce,Katy,136,3400,Uber-Micro,Customer Visit,Kim,9267421665,YES,4.8,YES,Uber wallet,10%,3060,Arrived
3/17/2016 15:16,3/17/2016 15:58,Stephine,8796075655,80,475241,West Palm Beach,Houston,30.2,755,Uber-Micro,Meeting,Jacky,9472034451,NO,4.9,YES,cash,0%,755,Arrived
3/17/2016 17:20,3/17/2016 18:02,Lesli,7794646834,34,475241,West Palm Beach,Alief,15.5,387.5,Uber-Micro,Meal/Entertain,Mikkel,9117822322,NO,5,NO,Uber wallet,10%,426.25,Arrived
3/17/2016 18:47,3/17/2016 19:09,Blinnie,8781031016,44,265814,Cary,Houston,4.9,122.5,Uber-Micro,,Geri,9738692778,YES,3,YES,Uber wallet,10%,134.75,Assigned
3/17/2016 20:57,3/17/2016 21:28,Vinny,9411910522,62,265814,Cary,Houston,12.6,315,Uber-Micro,,Stanislas,9564616492,YES,3.6,YES,Uber wallet,10%,346.5,Assigned
3/17/2016 21:48,3/17/2016 22:04,Byrle,9651893674,64,386077,Jamaica,Midtown,10.4,260,Uber-Micro,,Yvon,9985025265,YES,3.9,YES,Uber wallet,10%,286,Assigned
3/18/2016 7:15,3/18/2016 7:21,Geri,9502998143,51,125733,New York,Midtown,1.1,27.5,Uber-Micro,Meal/Entertain,Jaine,9593730071,NO,4.2,YES,cash,0%,27.5,Arrived
3/18/2016 8:35,3/18/2016 8:43,Marv,7857958058,69,646882,Elmhurst,Midtown,1.1,27.5,Uber-Micro,Meal/Entertain,Abbi,9652057745,NO,4.8,NO,Gpay,0%,27.5,Arrived
3/18/2016 18:24,3/18/2016 19:08,Jaimie,9284851022,16,625132,Midtown,Sharpstown,13.2,330,Uber-Micro,Meeting,Mair,9111821429,YES,3.6,YES,Gpay,0%,330,Arrived
3/18/2016 19:23,3/18/2016 19:29,Emilie,9465827967,77,210314,East Harlem,Sharpstown,1,25,Uber-Micro,Errand/Supplies,Teriann,9115587792,YES,4.5,YES,Phonpe,0%,25,Arrived
3/18/2016 21:01,3/18/2016 21:15,Tally,9722925890,55,484320,Flatiron District,Midtown,9.2,230,Uber-Micro,Customer Visit,Carmine,9904076761,YES,4.8,YES,Paytm,0%,230,Arrived
3/19/2016 9:10,3/19/2016 9:25,Maryanna,9831134108,15,625132,Midtown,Sharpstown,9.4,282,Prime,Meal/Entertain,Margi,9843393882,NO,4.9,YES,Uber wallet,10%,253.8,Arrived
3/19/2016 12:50,3/19/2016 13:13,Evyn,9583173488,33,491563,Midtown East,Sugar Land,12,360,Prime,Customer Visit,Dora,9878699673,NO,5,NO,cash,0%,360,Assigned
3/19/2016 14:01,3/19/2016 14:57,Ellene,8690986828,18,625132,Midtown,Houston,35.1,1053,Prime,Customer Visit,Dorothee,8987901265,YES,3,YES,Uber wallet,10%,1158.3,Assigned
3/19/2016 15:34,3/19/2016 16:38,Greta,8386633040,69,509117,Hudson Square,Galveston,36.5,1095,Prime,Meal/Entertain,Kurt,9565375637,YES,3.6,YES,Uber wallet,10%,1204.5,Cancelled
3/19/2016 17:17,3/19/2016 17:32,Reamonn,8598249612,57,223672,Lower Manhattan,Port Bolivar,3.1,93,Prime,Meal/Entertain,Jens,9725097468,YES,3.9,YES,Uber wallet,10%,102.3,Arrived
3/19/2016 17:37,3/19/2016 17:47,Robinson,9002347588,79,318886,Fort Pierce,Port Bolivar,2.1,63,Prime,Errand/Supplies,Elsy,9465339838,NO,4.2,YES,Uber wallet,10%,69.3,Arrived
3/19/2016 17:52,3/19/2016 18:00,Sherwin,8845029176,32,318886,Fort Pierce,Port Bolivar,1.2,36,Prime,,Pattin,9611982749,NO,4.8,NO,cash,0%,36,Arrived
3/19/2016 18:53,3/19/2016 19:29,Nadine,8854635745,22,318886,Fort Pierce,Galveston,7.5,225,Prime,Meeting,Aylmer,8909617891,YES,3.6,YES,Gpay,0%,225,Assigned
3/19/2016 19:33,3/19/2016 20:39,Madelene,8164561959,70,318886,Fort Pierce,Houston,57,1710,Prime,Customer Visit,Price,9647090347,YES,4.5,YES,Gpay,0%,1710,Cancelled
3/20/2016 7:37,3/20/2016 7:48,Mag,9761624589,43,475241,West Palm Beach,Washington Avenue,5.9,177,Prime,Meeting,Siegfried,9419083292,YES,4.8,YES,Phonpe,0%,177,Assigned
3/20/2016 11:42,3/20/2016 11:56,Gaven,8158841044,79,475241,West Palm Beach,Midtown,6.2,186,Prime,Meeting,Shaine,9601921145,NO,4.9,YES,Paytm,0%,186,Arrived
3/20/2016 17:08,3/20/2016 17:34,Danielle,8953826627,42,265814,Cary,Sharpstown,10.4,312,Prime,,Kip,9469489820,NO,5,NO,Uber wallet,10%,280.8,Assigned
3/20/2016 18:34,3/20/2016 18:40,Valencia,8111598773,47,265814,Cary,Briar Meadow,1.2,36,Prime,,Marve,9503219756,YES,3,YES,cash,0%,36,Assigned
3/20/2016 18:45,3/20/2016 19:06,Alia,9304382459,69,386077,Jamaica,Midtown,9.6,288,Prime,Customer Visit,Golda,9151458155,YES,3.6,YES,Uber wallet,10%,316.8,Cancelled
3/21/2016 10:21,3/21/2016 10:26,Zandra,8999310099,66,125733,New York,Downtown,1,30,Prime,,Cara,9544903930,YES,3.9,YES,Uber wallet,10%,33,Arrived
3/21/2016 16:05,3/21/2016 16:13,Latrena,7939504764,53,646882,Elmhurst,Midtown,0.9,27,Prime,Meal/Entertain,Rosemaria,9940412574,NO,4.2,YES,Uber wallet,10%,29.7,Assigned
3/21/2016 18:59,3/21/2016 19:15,Andi,8868585664,58,625132,Midtown,Sharpstown,8.8,264,Prime,,Haskel,9199720906,NO,4.8,NO,Uber wallet,10%,290.4,Arrived
3/21/2016 20:18,3/21/2016 20:55,Latrina,8827091646,32,210314,East Harlem,Midtown,25.6,768,Prime,Meal/Entertain,Ede,9659266471,YES,3.6,YES,cash,0%,768,Arrived
3/22/2016 6:17,3/22/2016 6:43,Barbi,8640438733,42,484320,Flatiron District,Greater Greenspoint,23,690,Prime,Meal/Entertain,Moss,9651245558,YES,4.5,YES,Gpay,0%,690,Assigned
3/22/2016 12:06,3/22/2016 12:24,Nigel,7794240846,44,625132,Midtown,Cary,8.1,243,Prime,,Marcelo,9953579053,YES,4.8,YES,Gpay,0%,243,Arrived
3/22/2016 19:12,3/22/2016 19:25,Mathian,9195348933,48,491563,Midtown East,Whitebridge,1.4,42,Prime,,Rosmunda,9622854398,NO,4.9,YES,Phonpe,0%,42,Arrived
3/23/2016 14:37,3/23/2016 14:42,Adamo,9339084495,46,625132,Midtown,Preston,1.7,51,Prime,,Cindi,9080785128,NO,5,NO,Paytm,0%,51,Arrived
3/23/2016 14:53,3/23/2016 14:59,Gaylord,8167971877,70,509117,Hudson Square,Whitebridge,1.6,48,Prime,,Dalli,9473518776,YES,3,YES,Uber wallet,10%,43.2,Assigned
3/24/2016 19:47,3/24/2016 19:54,Quincy,9901752758,58,223672,Lower Manhattan,Westpark Place,2,60,Prime,,Katherina,8943538488,YES,3.6,YES,cash,0%,60,Cancelled
3/24/2016 20:34,3/24/2016 20:40,Lorrin,8884227404,20,318886,Fort Pierce,Whitebridge,2.2,66,Prime,,Maximilianus,9126243201,YES,3.9,YES,Uber wallet,10%,72.6,Arrived
3/25/2016 13:24,3/25/2016 16:22,Virgil,9137523672,34,318886,Fort Pierce,Latta,144,1411.2,Bike,Customer Visit,Selia,9278160744,NO,4.2,YES,Uber wallet,10%,1552.32,Arrived
3/25/2016 16:52,3/25/2016 22:22,Ernaline,9639301897,43,318886,Fort Pierce,Jacksonville,310.3,3040.94,Bike,Customer Visit,Yasmeen,9942981425,NO,4.8,NO,Uber wallet,10%,3345.034,Arrived
3/25/2016 22:54,3/26/2016 1:39,Amye,8715980024,36,318886,Fort Pierce,Kissimmee,201,1969.8,Bike,Meeting,Hazel,9637779138,YES,3.6,YES,Uber wallet,10%,2166.78,Arrived
3/26/2016 14:05,3/26/2016 14:29,Tessi,8207549271,33,475241,West Palm Beach,Isles of Buena Vista,6.7,65.66,Bike,,Sergeant,9287040081,YES,4.5,YES,cash,0%,65.66,Arrived
3/26/2016 15:19,3/26/2016 15:49,Webster,8568110752,51,475241,West Palm Beach,Orlando,8.8,86.24,Bike,,Dylan,9568651519,YES,4.8,YES,Gpay,0%,86.24,Assigned
3/26/2016 16:26,3/26/2016 16:30,Sol,9542932741,78,265814,Cary,Lake Reams,1.2,11.76,Bike,,Daron,9920875911,NO,4.9,YES,Gpay,0%,11.76,Arrived
3/27/2016 0:31,3/27/2016 0:40,Balduin,8773772288,77,265814,Cary,Lake Reams,2.1,20.58,Bike,Errand/Supplies,Burk,9891913387,NO,5,NO,Phonpe,0%,20.58,Arrived
3/27/2016 1:11,3/27/2016 1:23,Halsey,9179236244,51,386077,Jamaica,Kissimmee,6.6,64.68,Bike,Meal/Entertain,Damien,9564694049,YES,3,YES,Paytm,0%,64.68,Arrived
3/27/2016 15:31,3/27/2016 15:56,Gasparo,9025521285,23,125733,New York,Orlando,6.1,59.78,Bike,Customer Visit,Wadsworth,9432856913,YES,3.6,YES,Uber wallet,10%,53.802,Arrived
3/27/2016 21:26,3/27/2016 21:41,Magdaia,8749517295,78,646882,Elmhurst,Orlando,6.9,67.62,Bike,,Charmian,9318311946,YES,3.9,YES,cash,0%,67.62,Assigned
3/27/2016 23:04,3/27/2016 23:18,Nonah,8931862195,42,625132,Midtown,Kissimmee,7.3,71.54,Bike,,Darlleen,8919116367,NO,4.2,YES,Uber wallet,10%,78.694,Assigned
3/28/2016 12:29,3/28/2016 12:42,Bartolemo,9905223209,51,210314,East Harlem,Orlando,3.6,35.28,Bike,,Natty,9385978092,NO,4.8,NO,Uber wallet,10%,38.808,Cancelled
3/28/2016 19:30,3/28/2016 20:23,Thorsten,7940845392,15,484320,Flatiron District,Vista East,27.2,266.56,Bike,,Mord,9463597406,YES,3.6,YES,Uber wallet,10%,293.216,Assigned
3/28/2016 22:55,3/28/2016 23:26,Rowe,7943008164,41,625132,Midtown,Kissimmee,25.7,251.86,Bike,,Anna-diane,9719084220,YES,4.5,YES,Uber wallet,10%,277.046,Arrived
3/29/2016 15:27,3/29/2016 16:11,Blinny,8853922385,38,491563,Midtown East,Orlando,13.6,133.28,Bike,,Adria,9716297651,YES,4.8,YES,cash,0%,133.28,Arrived
3/29/2016 18:20,3/29/2016 18:39,Lexy,8503937390,31,625132,Midtown,Sky Lake,6.2,60.76,Bike,,Tonie,9377216281,NO,4.9,YES,Gpay,0%,60.76,Arrived
3/29/2016 20:29,3/29/2016 20:44,Gabriel,9736633331,77,509117,Hudson Square,Sand Lake Commons,6,58.8,Bike,,Kain,9790394844,NO,5,NO,Gpay,0%,58.8,Cancelled
3/29/2016 23:04,3/29/2016 23:21,Ranique,9237464720,31,223672,Lower Manhattan,Kissimmee,13.8,135.24,Bike,,Bent,9043361497,YES,3,YES,Phonpe,0%,135.24,Arrived
3/30/2016 22:05,3/30/2016 22:55,Bernie,8586436723,28,318886,Fort Pierce,Kissimmee,28.8,282.24,Bike,Meal/Entertain,Edin,9697011867,YES,3.6,YES,Paytm,0%,282.24,Arrived
3/31/2016 12:47,3/31/2016 13:22,York,9423663425,44,318886,Fort Pierce,Orlando,16.1,157.78,Bike,Temporary Site,Virginie,9997174517,YES,3.9,YES,Uber wallet,10%,142.002,Arrived
3/31/2016 14:37,3/31/2016 15:09,Salim,9163238494,71,318886,Fort Pierce,Kissimmee,16.4,160.72,Bike,Meal/Entertain,Lebbie,9481499608,NO,4.2,YES,cash,0%,160.72,Arrived
4/1/2016 13:43,4/1/2016 14:01,Garrott,8512045405,79,318886,Fort Pierce,Kissimmee,11,107.8,Bike,Meeting,Pen,9721300884,NO,4.8,NO,Uber wallet,10%,118.58,Arrived
4/1/2016 14:36,4/1/2016 15:24,Edgar,9077737736,15,475241,West Palm Beach,Orlando,15.5,151.9,Bike,Customer Visit,Costanza,9370918724,YES,3.6,YES,Uber wallet,10%,167.09,Arrived
4/1/2016 16:01,4/1/2016 16:49,Marley,9905760045,24,475241,West Palm Beach,Kissimmee,20.3,198.94,Bike,Meeting,Carry,9105650281,YES,4.5,YES,Uber wallet,10%,218.834,Arrived
4/1/2016 16:52,4/1/2016 16:57,Brittne,8166767291,29,265814,Cary,Kissimmee,0.7,10.5,Auto,,Charlena,9610925288,YES,4.8,YES,Uber wallet,10%,11.55,Assigned
4/2/2016 8:48,4/2/2016 9:04,Bobbie,7922697977,42,265814,Cary,Kissimmee,5.5,82.5,Auto,,Sybila,9832868081,NO,4.9,YES,cash,0%,82.5,Arrived
4/2/2016 11:01,4/2/2016 11:16,Randee,7800902485,79,386077,Jamaica,Kissimmee,5.1,76.5,Auto,,Sandy,9699969249,NO,5,NO,Gpay,0%,76.5,Arrived
4/2/2016 12:21,4/2/2016 14:47,Cindee,9474368713,24,125733,New York,Daytona Beach,77.3,1159.5,Auto,Customer Visit,Cher,8925244829,YES,3,YES,Gpay,0%,1159.5,Assigned
4/2/2016 16:57,4/2/2016 18:09,Elvera,8576736324,19,646882,Elmhurst,Jacksonville,80.5,1207.5,Auto,Customer Visit,Mannie,9666858187,YES,3.6,YES,Phonpe,0%,1207.5,Cancelled
4/2/2016 19:38,4/2/2016 22:36,Warden,9471644692,72,625132,Midtown,Ridgeland,174.2,2613,Auto,Customer Visit,Chelsie,9909705701,YES,3.9,YES,Paytm,0%,2613,Arrived
4/2/2016 23:11,4/3/2016 1:34,Skyler,9493585513,32,210314,East Harlem,Florence,144,2160,Auto,Meeting,Roxy,9108173687,NO,4.2,YES,Uber wallet,10%,1944,Assigned
4/3/2016 2:00,4/3/2016 4:16,Violetta,8833868315,69,484320,Flatiron District,Cary,159.3,2389.5,Auto,Meeting,Kimberly,9046703627,NO,4.8,NO,cash,0%,2389.5,Assigned
4/5/2016 21:39,4/5/2016 21:55,Bennie,8867076158,46,625132,Midtown,Wayne Ridge,7.9,118.5,Auto,Meal/Entertain,Allx,9314741730,YES,3.6,YES,Uber wallet,10%,130.35,Assigned
4/6/2016 0:19,4/6/2016 0:39,Wallie,9382924289,22,491563,Midtown East,Whitebridge,8,120,Auto,Meal/Entertain,Saundra,8941426219,YES,4.5,YES,Uber wallet,10%,132,Arrived
4/7/2016 18:20,4/7/2016 18:39,Neville,9177871542,49,625132,Midtown,Morrisville,6.1,91.5,Auto,Meal/Entertain,Aurlie,9450752773,YES,4.8,YES,Uber wallet,10%,100.65,Assigned
4/7/2016 19:45,4/7/2016 20:00,Mabelle,8237077510,73,509117,Hudson Square,Cary,6.1,91.5,Auto,Errand/Supplies,Silas,9218500771,NO,4.9,YES,Uber wallet,10%,100.65,Assigned
4/8/2016 12:30,4/8/2016 12:48,Lanny,9506225278,66,223672,Lower Manhattan,Durham,10.5,157.5,Auto,Meeting,Tim,9770864241,NO,5,NO,cash,0%,157.5,Arrived
4/8/2016 13:34,4/8/2016 13:51,Peria,9990747332,44,318886,Fort Pierce,Cary,8.7,130.5,Auto,Meal/Entertain,Roderich,9416938772,YES,3,YES,Gpay,0%,130.5,Assigned
4/8/2016 13:55,4/8/2016 14:03,Emelia,9017338822,57,318886,Fort Pierce,Whitebridge,1.8,27,Auto,Errand/Supplies,Tessie,9576093045,YES,3.6,YES,Gpay,0%,27,Assigned
4/8/2016 14:43,4/8/2016 15:20,Suzanne,8985833634,54,318886,Fort Pierce,Raleigh,19.1,286.5,Auto,Meeting,Cher,9354821507,YES,3.9,YES,Phonpe,0%,286.5,Arrived
4/8/2016 16:05,4/8/2016 16:47,Conchita,8555599163,38,318886,Fort Pierce,Cary,18.6,279,Auto,Meeting,Hagan,9790236814,NO,4.2,YES,Paytm,0%,279,Assigned
4/12/2016 9:15,4/12/2016 9:26,Eldredge,9505835335,65,475241,West Palm Beach,Edgehill Farms,2.8,42,Auto,Errand/Supplies,Carolus,8900650556,NO,4.8,NO,Uber wallet,10%,37.8,Arrived
4/12/2016 9:34,4/12/2016 9:53,Raeann,8287784464,49,475241,West Palm Beach,Raleigh,8.9,133.5,Auto,Meeting,Nicoline,9368382961,YES,3.6,YES,cash,0%,133.5,Arrived
4/12/2016 10:58,4/12/2016 11:18,Myron,9579394954,29,265814,Cary,Cedar Hill,7.5,112.5,Auto,Customer Visit,Rhonda,9626523261,YES,4.5,YES,Uber wallet,10%,123.75,Arrived
4/12/2016 12:22,4/12/2016 12:44,Liuka,9596377758,65,265814,Cary,Morrisville,15.9,238.5,Auto,Meeting,Sherry,9578150844,YES,4.8,YES,Uber wallet,10%,262.35,Assigned
4/12/2016 13:42,4/12/2016 14:01,Therine,8296540758,34,386077,Jamaica,Cary,6.5,97.5,Auto,Meal/Entertain,Robby,9717870716,NO,4.9,YES,Uber wallet,10%,107.25,Arrived
4/14/2016 7:29,4/14/2016 8:09,Ashlin,8741350088,69,125733,New York,Holly Springs,15.3,229.5,Auto,Temporary Site,Marta,9674805081,NO,5,NO,Uber wallet,10%,252.45,Assigned
4/14/2016 16:00,4/14/2016 16:43,Antonetta,8401532002,27,646882,Elmhurst,Cary,13.7,205.5,Auto,Temporary Site,Amble,9340628205,YES,3,YES,cash,0%,205.5,Assigned
4/15/2016 11:36,4/15/2016 12:07,Melisent,8128387814,47,625132,Midtown,Raleigh,11.9,178.5,Auto,Temporary Site,Rosita,9426832859,YES,3.6,YES,Gpay,0%,178.5,Cancelled
4/15/2016 12:29,4/15/2016 12:32,Celestyna,8593988959,59,210314,East Harlem,Harden Place,1.4,28,Uber-Mini,Errand/Supplies,Kelly,9539129514,YES,3.9,YES,Gpay,0%,28,Arrived
4/15/2016 14:31,4/15/2016 15:01,Stacey,9335674137,23,484320,Flatiron District,Cary,15.2,304,Uber-Mini,Meeting,Loutitia,9577763825,NO,4.2,YES,Phonpe,0%,304,Arrived
4/16/2016 12:59,4/16/2016 13:17,Raye,9990622266,37,625132,Midtown,Morrisville,6,120,Uber-Mini,Errand/Supplies,Romonda,9020496201,NO,4.8,NO,Paytm,0%,120,Arrived
4/16/2016 15:10,4/16/2016 15:26,Hedi,8448027723,29,491563,Midtown East,Cary,6.1,122,Uber-Mini,Meal/Entertain,Johanna,9181026109,YES,3.6,YES,Uber wallet,10%,109.8,Assigned
4/19/2016 17:44,4/19/2016 18:08,Diego,8471482255,42,625132,Midtown,Wayne Ridge,8.2,164,Uber-Mini,Meal/Entertain,Charlot,9855403124,YES,4.5,YES,cash,0%,164,Assigned
4/19/2016 19:57,4/19/2016 20:19,Marcia,8206464598,38,509117,Hudson Square,Whitebridge,8,160,Uber-Mini,Meal/Entertain,Cissy,9328907059,YES,4.8,YES,Uber wallet,10%,176,Assigned
4/22/2016 8:25,4/22/2016 9:04,Lianne,8195368164,21,223672,Lower Manhattan,Raleigh,13.6,272,Uber-Mini,Meeting,Luelle,9774674359,NO,4.9,YES,Uber wallet,10%,299.2,Arrived
4/22/2016 10:10,4/22/2016 10:40,Isabel,8762536974,47,318886,Fort Pierce,Cary,22.5,450,Uber-Mini,Meeting,Myrle,9425892986,NO,5,NO,Uber wallet,10%,495,Arrived
4/22/2016 12:08,4/22/2016 12:28,Gifford,7786085888,25,318886,Fort Pierce,Durham,10.4,208,Uber-Mini,Meeting,Duncan,9611855033,YES,3,YES,Uber wallet,10%,228.8,Assigned
4/22/2016 13:02,4/22/2016 13:26,Lesly,8519876894,24,318886,Fort Pierce,Cary,10,200,Uber-Mini,Meeting,Carine,9700998304,YES,3.6,YES,cash,0%,200,Arrived
4/23/2016 17:03,4/23/2016 17:16,Ronny,9408519352,80,318886,Fort Pierce,Tanglewood,6,120,Uber-Mini,Meal/Entertain,Collette,9212537431,YES,3.9,YES,Gpay,0%,120,Arrived
4/23/2016 18:49,4/23/2016 19:05,Morgen,7956594220,64,475241,West Palm Beach,Whitebridge,6.5,130,Uber-Mini,Meal/Entertain,Killie,9426616674,NO,4.2,YES,Gpay,0%,130,Arrived
4/24/2016 19:07,4/24/2016 19:16,Austin,9276552653,39,475241,West Palm Beach,Morrisville,3.1,62,Uber-Mini,Errand/Supplies,Ellette,8949025277,NO,4.8,NO,Phonpe,0%,62,Arrived
4/24/2016 19:46,4/24/2016 19:52,Elaine,9934664131,21,265814,Cary,Chessington,1.9,38,Uber-Mini,Errand/Supplies,Amara,9247349792,YES,3.6,YES,Paytm,0%,38,Arrived
4/24/2016 21:41,4/24/2016 21:50,Dalton,8159615969,19,265814,Cary,Cary,4.2,84,Uber-Mini,Between Offices,Ashlee,9332965757,YES,4.5,YES,Uber wallet,10%,75.6,Arrived
4/27/2016 13:30,4/27/2016 13:40,Jewelle,8405980286,27,386077,Jamaica,Burtrose,4.9,98,Uber-Mini,Between Offices,Kim,9267421665,YES,4.8,YES,cash,0%,98,Arrived
4/27/2016 14:13,4/27/2016 14:25,Nike,8082823674,26,125733,New York,Whitebridge,4.8,96,Uber-Mini,Between Offices,Jacky,9472034451,NO,4.9,YES,Uber wallet,10%,105.6,Assigned
4/28/2016 12:09,4/28/2016 12:34,Emeline,9782549356,19,646882,Elmhurst,Raleigh,12.4,248,Uber-Mini,Customer Visit,Mikkel,9117822322,NO,5,NO,Uber wallet,10%,272.8,Arrived
4/28/2016 13:30,4/28/2016 13:49,Mozelle,9628118625,35,625132,Midtown,Cary,32.8,656,Uber-Mini,Customer Visit,Geri,9738692778,YES,3,YES,Uber wallet,10%,721.6,Assigned
4/28/2016 22:10,4/28/2016 22:28,Kaylyn,8334002917,63,210314,East Harlem,Cary,5.5,110,Uber-Mini,Customer Visit,Stanislas,9564616492,YES,3.6,YES,Uber wallet,10%,121,Arrived
4/29/2016 11:44,4/29/2016 12:01,Kristian,9289647463,21,484320,Flatiron District,Durham,9.9,198,Uber-Mini,Meeting,Yvon,9985025265,YES,3.9,YES,cash,0%,198,Assigned
4/29/2016 13:13,4/29/2016 13:34,Thedrick,9004621149,77,625132,Midtown,Cary,10,200,Uber-Mini,Meeting,Jaine,9593730071,NO,4.2,YES,Gpay,0%,200,Assigned
4/29/2016 18:46,4/29/2016 19:18,Ursala,9953012700,55,491563,Midtown East,Durham,14.2,284,Uber-Mini,Customer Visit,Abbi,9652057745,NO,4.8,NO,Gpay,0%,284,Assigned
4/29/2016 22:44,4/29/2016 23:19,Mose,9495201546,15,625132,Midtown,Cary,18.2,364,Uber-Mini,Meeting,Mair,9111821429,YES,3.6,YES,Phonpe,0%,364,Arrived
4/30/2016 18:42,4/30/2016 18:57,Karlee,8283780802,15,509117,Hudson Square,Waverly Place,7.7,154,Uber-Mini,Meal/Entertain,Teriann,9115587792,YES,4.5,YES,Paytm,0%,154,Assigned
4/30/2016 22:16,4/30/2016 22:34,Pepito,8357665672,53,223672,Lower Manhattan,Whitebridge,6.8,170,Uber-Micro,,Carmine,9904076761,YES,4.8,YES,Uber wallet,10%,153,Cancelled
5/1/2016 13:45,5/1/2016 13:53,Adham,8607728854,43,318886,Fort Pierce,Westpark Place,2.1,52.5,Uber-Micro,Meal/Entertain,Margi,9843393882,NO,4.9,YES,cash,0%,52.5,Cancelled
5/1/2016 14:26,5/1/2016 14:31,Meghan,9342026558,69,318886,Fort Pierce,Whitebridge,2.3,57.5,Uber-Micro,,Dora,9878699673,NO,5,NO,Uber wallet,10%,63.25,Assigned
5/1/2016 17:33,5/1/2016 17:45,Glennis,9243453725,53,318886,Fort Pierce,Tanglewood,6.2,155,Uber-Micro,Between Offices,Dorothee,8987901265,YES,3,YES,Uber wallet,10%,170.5,Arrived
5/1/2016 17:54,5/1/2016 18:10,Bella,8464880187,58,318886,Fort Pierce,Parkway,7.5,187.5,Uber-Micro,Meeting,Kurt,9565375637,YES,3.6,YES,Uber wallet,10%,206.25,Arrived
5/1/2016 22:38,5/1/2016 22:49,Ansell,8607220319,19,475241,West Palm Beach,Whitebridge,3.1,77.5,Uber-Micro,Errand/Supplies,Jens,9725097468,YES,3.9,YES,Uber wallet,10%,85.25,Arrived
5/2/2016 14:14,5/2/2016 14:21,Ado,7871287939,45,475241,West Palm Beach,Westpark Place,2.2,55,Uber-Micro,Errand/Supplies,Elsy,9465339838,NO,4.2,YES,cash,0%,55,Arrived
5/2/2016 15:37,5/2/2016 15:48,Lucinda,9860628549,51,265814,Cary,Whitebridge,3.9,97.5,Uber-Micro,Meal/Entertain,Pattin,9611982749,NO,4.8,NO,Gpay,0%,97.5,Cancelled
5/3/2016 22:20,5/3/2016 22:28,Tamarra,8452392388,33,265814,Cary,Cary,2.5,62.5,Uber-Micro,Meal/Entertain,Aylmer,8909617891,YES,3.6,YES,Gpay,0%,62.5,Arrived
5/4/2016 15:16,5/4/2016 15:37,Sal,9991085398,32,386077,Jamaica,Morrisville,8.7,217.5,Uber-Micro,Meal/Entertain,Price,9647090347,YES,4.5,YES,Phonpe,0%,217.5,Arrived
5/4/2016 20:55,5/4/2016 21:14,Ynes,9290508678,75,125733,New York,Capitol One,14.5,362.5,Uber-Micro,Errand/Supplies,Siegfried,9419083292,YES,4.8,YES,Paytm,0%,362.5,Arrived
5/4/2016 21:30,5/4/2016 21:36,Madelyn,8120029083,51,646882,Elmhurst,University District,4.5,112.5,Uber-Micro,Meal/Entertain,Shaine,9601921145,NO,4.9,YES,Uber wallet,10%,101.25,Arrived
5/4/2016 22:19,5/4/2016 22:27,Gonzales,8692565557,18,625132,Midtown,Capitol One,5,125,Uber-Micro,Meal/Entertain,Kip,9469489820,NO,5,NO,cash,0%,125,Arrived
5/5/2016 21:24,5/5/2016 21:36,Bastien,9773379585,26,210314,East Harlem,Redmond,14.2,355,Uber-Micro,Meal/Entertain,Marve,9503219756,YES,3,YES,Uber wallet,10%,390.5,Arrived
5/5/2016 22:34,5/5/2016 22:40,Emiline,8035921835,64,484320,Flatiron District,Bellevue,2.9,72.5,Uber-Micro,Errand/Supplies,Golda,9151458155,YES,3.6,YES,Uber wallet,10%,79.75,Arrived
5/5/2016 23:55,5/6/2016 0:08,Krystalle,8341626454,15,625132,Midtown,Seattle,12.9,322.5,Uber-Micro,Meeting,Cara,9544903930,YES,3.9,YES,Uber wallet,10%,354.75,Assigned
5/6/2016 5:47,5/6/2016 6:02,Clemmie,9384374477,48,491563,Midtown East,Mcvan,14.4,360,Uber-Micro,Meeting,Rosemaria,9940412574,NO,4.2,YES,Uber wallet,10%,396,Arrived
5/6/2016 16:45,5/6/2016 16:59,Lindy,7823528832,16,625132,Midtown,Morrisville,17,425,Uber-Micro,Meeting,Haskel,9199720906,NO,4.8,NO,cash,0%,425,Arrived
5/6/2016 17:18,5/6/2016 17:44,Lilias,8329593990,27,509117,Hudson Square,Cary,7.9,197.5,Uber-Micro,Customer Visit,Ede,9659266471,YES,3.6,YES,Gpay,0%,197.5,Arrived
5/9/2016 6:08,5/9/2016 6:25,Dex,9608950749,80,223672,Lower Manhattan,Morrisville,8.4,210,Uber-Micro,Customer Visit,Moss,9651245558,YES,4.5,YES,Gpay,0%,210,Arrived
5/9/2016 14:39,5/9/2016 15:06,Estele,8821514511,52,318886,Fort Pierce,Palo Alto,20.5,512.5,Uber-Micro,Between Offices,Marcelo,9953579053,YES,4.8,YES,Phonpe,0%,512.5,Assigned
5/9/2016 17:58,5/9/2016 18:26,Elka,9867608592,35,318886,Fort Pierce,Sunnyvale,9.8,245,Uber-Micro,Customer Visit,Rosmunda,9622854398,NO,4.9,YES,Paytm,0%,245,Arrived
5/9/2016 19:35,5/9/2016 19:59,Sampson,8333828153,75,318886,Fort Pierce,Newark,17.6,440,Uber-Micro,Customer Visit,Cindi,9080785128,NO,5,NO,Uber wallet,10%,396,Cancelled
5/10/2016 9:03,5/10/2016 9:20,Billi,8615022813,34,318886,Fort Pierce,Menlo Park,9.3,232.5,Uber-Micro,Customer Visit,Dalli,9473518776,YES,3,YES,cash,0%,232.5,Cancelled
5/10/2016 17:19,5/10/2016 17:31,Salvidor,9921452937,28,475241,West Palm Beach,Newark,7.9,197.5,Uber-Micro,Customer Visit,Katherina,8943538488,YES,3.6,YES,Uber wallet,10%,217.25,Cancelled
5/11/2016 8:35,5/11/2016 9:12,Teresa,8282725524,44,475241,West Palm Beach,San Francisco,25.6,768,Prime,Meeting,Maximilianus,9126243201,YES,3.9,YES,Uber wallet,10%,844.8,Arrived
5/11/2016 21:47,5/11/2016 22:04,Livvy,9969446159,40,265814,Cary,Cary,8.1,243,Prime,Meeting,Selia,9278160744,NO,4.2,YES,Uber wallet,10%,267.3,Arrived
5/14/2016 18:35,5/14/2016 18:39,Wernher,9241362685,25,265814,Cary,Morrisville,3.1,93,Prime,Meal/Entertain,Yasmeen,9942981425,NO,4.8,NO,Uber wallet,10%,102.3,Arrived
5/14/2016 23:01,5/14/2016 23:05,Claudia,9923056139,69,386077,Jamaica,Cary,3.1,93,Prime,Meal/Entertain,Hazel,9637779138,YES,3.6,YES,cash,0%,93,Arrived
5/17/2016 13:15,5/17/2016 13:23,Sherwynd,9958998585,67,125733,New York,Preston,2.8,84,Prime,Errand/Supplies,Sergeant,9287040081,YES,4.5,YES,Gpay,0%,84,Arrived
5/17/2016 13:56,5/17/2016 14:08,Codi,8741563544,42,646882,Elmhurst,Westpark Place,2.7,81,Prime,Errand/Supplies,Dylan,9568651519,YES,4.8,YES,Gpay,0%,81,Arrived
5/17/2016 14:34,5/17/2016 14:40,Kori,7794740359,15,625132,Midtown,Whitebridge,1.9,57,Prime,Errand/Supplies,Daron,9920875911,NO,4.9,YES,Phonpe,0%,57,Arrived
5/18/2016 9:11,5/18/2016 9:41,Laurice,8067011039,69,210314,East Harlem,Morrisville,8.4,252,Prime,Customer Visit,Burk,9891913387,NO,5,NO,Paytm,0%,252,Arrived
5/18/2016 13:00,5/18/2016 13:02,Coletta,9401397561,47,484320,Flatiron District,Raleigh,7.6,228,Prime,Customer Visit,Damien,9564694049,YES,3,YES,Uber wallet,10%,205.2,Arrived
5/19/2016 14:37,5/19/2016 15:01,Lars,8691112144,71,625132,Midtown,Parkway Museums,2.9,87,Prime,Meal/Entertain,Wadsworth,9432856913,YES,3.6,YES,cash,0%,87,Arrived
5/20/2016 10:56,5/20/2016 11:07,Loren,8541684781,23,491563,Midtown East,Hog Island,11.2,336,Prime,Meeting,Charmian,9318311946,YES,3.9,YES,Uber wallet,10%,369.6,Arrived
5/20/2016 15:43,5/20/2016 16:12,Gunter,7852128829,26,625132,Midtown,Cary,8.2,246,Prime,Meal/Entertain,Darlleen,8919116367,NO,4.2,YES,Uber wallet,10%,270.6,Arrived
5/22/2016 15:39,5/22/2016 15:46,Elva,9600090666,76,509117,Hudson Square,Morrisville,3,90,Prime,Meal/Entertain,Natty,9385978092,NO,4.8,NO,Uber wallet,10%,99,Arrived
5/22/2016 18:46,5/22/2016 18:53,Hanny,8635812007,74,223672,Lower Manhattan,Cary,2.5,75,Prime,Meal/Entertain,Mord,9463597406,YES,3.6,YES,Uber wallet,10%,82.5,Assigned
5/23/2016 20:19,5/23/2016 20:27,Lola,8815176407,68,318886,Fort Pierce,Savon Height,3.6,108,Prime,Meal/Entertain,Anna-diane,9719084220,YES,4.5,YES,cash,0%,108,Arrived
5/23/2016 21:09,5/23/2016 21:21,Matthiew,8944729917,52,318886,Fort Pierce,Whitebridge,3.6,108,Prime,Errand/Supplies,Adria,9716297651,YES,4.8,YES,Gpay,0%,108,Assigned
5/27/2016 20:26,5/27/2016 20:30,Mikkel,8808678048,66,318886,Fort Pierce,Kildaire Farms,4.5,135,Prime,Errand/Supplies,Tonie,9377216281,NO,4.9,YES,Gpay,0%,135,Arrived
5/27/2016 20:47,5/27/2016 20:53,Viviana,8344643196,30,318886,Fort Pierce,Kilarney Woods,1.2,36,Prime,,Kain,9790394844,NO,5,NO,Phonpe,0%,36,Assigned
5/27/2016 22:11,5/27/2016 22:14,Abrahan,8320296637,15,475241,West Palm Beach,Kildaire Farms,1.7,51,Prime,Errand/Supplies,Bent,9043361497,YES,3,YES,Paytm,0%,51,Arrived
5/28/2016 0:15,5/28/2016 0:21,Seline,9502374803,49,475241,West Palm Beach,Whitebridge,4.7,141,Prime,Errand/Supplies,Edin,9697011867,YES,3.6,YES,Uber wallet,10%,126.9,Assigned
5/28/2016 12:52,5/28/2016 13:06,Bili,8318642631,74,265814,Cary,Morrisville,6.1,183,Prime,Meal/Entertain,Virginie,9997174517,YES,3.9,YES,cash,0%,183,Arrived
5/28/2016 14:35,5/28/2016 15:04,Shurlocke,8945407474,73,265814,Cary,Cary,11.3,339,Prime,Customer Visit,Lebbie,9481499608,NO,4.2,YES,Uber wallet,10%,372.9,Assigned
5/31/2016 13:54,5/31/2016 14:41,Bjorn,8147341293,70,386077,Jamaica,Raleigh,14.9,447,Prime,Meeting,Pen,9721300884,NO,4.8,NO,Uber wallet,10%,491.7,Assigned
5/31/2016 16:02,5/31/2016 16:39,Roderigo,9562174820,72,125733,New York,Cary,14,420,Prime,Meeting,Costanza,9370918724,YES,3.6,YES,Uber wallet,10%,462,Assigned
5/31/2016 17:50,5/31/2016 17:59,Zuzana,9312181011,41,646882,Elmhurst,Whitebridge,1.8,54,Prime,,Carry,9105650281,YES,4.5,YES,Uber wallet,10%,59.4,Cancelled
6/1/2016 10:19,6/1/2016 10:47,Jammie,9372536508,73,625132,Midtown,Morrisville,6.7,65.66,Bike,Customer Visit,Charlena,9610925288,YES,4.8,YES,cash,0%,65.66,Arrived
6/1/2016 13:10,6/1/2016 13:39,Carlotta,8768579709,49,210314,East Harlem,Cary,9.6,94.08,Bike,Meeting,Sybila,9832868081,NO,4.9,YES,Gpay,0%,94.08,Assigned
6/3/2016 11:29,6/3/2016 11:49,Fabio,8722350380,44,484320,Flatiron District,Durham,10.4,101.92,Bike,Meeting,Sandy,9699969249,NO,5,NO,Gpay,0%,101.92,Arrived
6/3/2016 13:08,6/3/2016 13:38,Dolley,8742635425,56,625132,Midtown,Cary,9.9,97.02,Bike,Meeting,Cher,8925244829,YES,3,YES,Phonpe,0%,97.02,Assigned
6/3/2016 15:31,6/3/2016 15:54,Eddy,9432356060,57,491563,Midtown East,Morrisville,6,58.8,Bike,Meal/Entertain,Mannie,9666858187,YES,3.6,YES,Paytm,0%,58.8,Arrived
6/3/2016 18:14,6/3/2016 18:29,Kitty,9157954252,66,625132,Midtown,Chessington,3.3,32.34,Bike,Errand/Supplies,Chelsie,9909705701,YES,3.9,YES,Uber wallet,10%,29.106,Cancelled
6/3/2016 18:41,6/3/2016 18:53,Cally,8759635507,78,509117,Hudson Square,Cary,3.1,30.38,Bike,Errand/Supplies,Roxy,9108173687,NO,4.2,YES,cash,0%,30.38,Arrived
6/3/2016 19:36,6/3/2016 19:42,Darren,8730896195,72,223672,Lower Manhattan,Weston,1.7,16.66,Bike,Errand/Supplies,Kimberly,9046703627,NO,4.8,NO,Uber wallet,10%,18.326,Arrived
6/3/2016 22:47,6/3/2016 23:06,Miguelita,8039170338,49,318886,Fort Pierce,Cary,4,39.2,Bike,Between Offices,Allx,9314741730,YES,3.6,YES,Uber wallet,10%,43.12,Cancelled
6/5/2016 14:03,6/5/2016 14:33,Paulo,8964513355,22,318886,Fort Pierce,Savon Height,7.8,76.44,Bike,Customer Visit,Saundra,8941426219,YES,4.5,YES,Uber wallet,10%,84.084,Assigned
6/5/2016 15:06,6/5/2016 15:22,Rocky,8958549109,53,318886,Fort Pierce,Morrisville,7.8,76.44,Bike,Customer Visit,Aurlie,9450752773,YES,4.8,YES,Uber wallet,10%,84.084,Assigned
6/5/2016 15:57,6/5/2016 16:08,Padraic,9334959260,65,318886,Fort Pierce,Weston,3.8,37.24,Bike,Meal/Entertain,Silas,9218500771,NO,4.9,YES,cash,0%,37.24,Assigned
6/5/2016 18:05,6/5/2016 18:14,Terrye,8975296557,28,475241,West Palm Beach,Cary,2.5,24.5,Bike,Meal/Entertain,Tim,9770864241,NO,5,NO,Gpay,0%,24.5,Arrived
6/5/2016 21:53,6/5/2016 22:05,Elwyn,8257033117,62,475241,West Palm Beach,Durham,9.9,97.02,Bike,Meeting,Roderich,9416938772,YES,3,YES,Gpay,0%,97.02,Assigned
6/5/2016 23:52,6/6/2016 0:08,Harlie,8925150295,17,265814,Cary,Cary,9.9,97.02,Bike,Meeting,Tessie,9576093045,YES,3.6,YES,Phonpe,0%,97.02,Cancelled
6/6/2016 15:36,6/6/2016 15:45,Kariotta,8239959810,15,265814,Cary,Hazelwood,3,29.4,Bike,Errand/Supplies,Cher,9354821507,YES,3.9,YES,Paytm,0%,29.4,Assigned
6/6/2016 16:16,6/6/2016 16:24,Tommi,8596001558,21,386077,Jamaica,Whitebridge,2.4,23.52,Bike,Errand/Supplies,Hagan,9790236814,NO,4.2,YES,Uber wallet,10%,21.168,Assigned
6/6/2016 20:06,6/6/2016 20:20,Kailey,8270061106,17,125733,New York,Apex,5.7,55.86,Bike,Meal/Entertain,Carolus,8900650556,NO,4.8,NO,cash,0%,55.86,Assigned
6/6/2016 21:08,6/6/2016 21:37,Patsy,9406080399,61,646882,Elmhurst,Cary,7.2,70.56,Bike,Meal/Entertain,Nicoline,9368382961,YES,3.6,YES,Uber wallet,10%,77.616,Assigned
6/6/2016 21:41,6/6/2016 22:00,Brooke,9403318347,67,625132,Midtown,Durham,10.4,101.92,Bike,Meeting,Rhonda,9626523261,YES,4.5,YES,Uber wallet,10%,112.112,Assigned
6/6/2016 23:34,6/6/2016 23:48,Ellie,8981744723,27,210314,East Harlem,Cary,9.9,97.02,Bike,Meeting,Sherry,9578150844,YES,4.8,YES,Uber wallet,10%,106.722,Cancelled
6/7/2016 21:42,6/7/2016 22:00,Britney,9267774144,71,484320,Flatiron District,Durham,10.4,101.92,Bike,Meeting,Robby,9717870716,NO,4.9,YES,Uber wallet,10%,112.112,Arrived
6/7/2016 23:41,6/8/2016 0:04,Anton,8759132366,79,625132,Midtown,Cary,9.9,97.02,Bike,Meeting,Marta,9674805081,NO,5,NO,cash,0%,97.02,Assigned
6/8/2016 8:23,6/8/2016 8:53,Bryon,9808205038,17,491563,Midtown East,Morrisville,8.7,85.26,Bike,Meal/Entertain,Amble,9340628205,YES,3,YES,Gpay,0%,85.26,Assigned
6/8/2016 12:04,6/8/2016 13:01,Ulrika,8716954972,25,625132,Midtown,New York,22.3,334.5,Auto,Errand/Supplies,Rosita,9426832859,YES,3.6,YES,Gpay,0%,334.5,Assigned
6/8/2016 13:12,6/8/2016 13:29,Stacy,7812478080,68,509117,Hudson Square,Gramercy-Flatiron,3.3,49.5,Auto,Meal/Entertain,Kelly,9539129514,YES,3.9,YES,Phonpe,0%,49.5,Assigned
6/8/2016 14:31,6/8/2016 14:37,Tammy,9320421187,28,223672,Lower Manhattan,Tudor City,0.7,10.5,Auto,Errand/Supplies,Loutitia,9577763825,NO,4.2,YES,Paytm,0%,10.5,Assigned
6/8/2016 16:55,6/8/2016 17:11,Reggie,8586831536,55,318886,Fort Pierce,Soho,2.5,37.5,Auto,Meal/Entertain,Romonda,9020496201,NO,4.8,NO,Uber wallet,10%,33.75,Assigned
6/8/2016 17:16,6/8/2016 17:18,Johnette,9157096626,66,318886,Fort Pierce,Tribeca,0.5,7.5,Auto,Errand/Supplies,Johanna,9181026109,YES,3.6,YES,cash,0%,7.5,Arrived
6/8/2016 17:59,6/8/2016 18:05,Kala,9172124613,74,318886,Fort Pierce,Financial District,0.9,13.5,Auto,Errand/Supplies,Charlot,9855403124,YES,4.5,YES,Uber wallet,10%,14.85,Assigned
6/8/2016 20:11,6/8/2016 20:25,Berky,9577271019,46,318886,Fort Pierce,Kips Bay,4.8,72,Auto,Errand/Supplies,Cissy,9328907059,YES,4.8,YES,Uber wallet,10%,79.2,Assigned
6/10/2016 15:19,6/10/2016 16:28,Orin,9979898525,22,475241,West Palm Beach,Jamaica,16.3,244.5,Auto,Meeting,Luelle,9774674359,NO,4.9,YES,Uber wallet,10%,268.95,Cancelled
6/10/2016 21:47,6/10/2016 22:04,Ashla,9952527120,69,475241,West Palm Beach,Durham,10.4,156,Auto,Meeting,Myrle,9425892986,NO,5,NO,Uber wallet,10%,171.6,Assigned
6/10/2016 23:53,6/11/2016 0:01,Hadleigh,8516296338,17,265814,Cary,Cary,9.9,148.5,Auto,Meeting,Duncan,9611855033,YES,3,YES,cash,0%,148.5,Assigned
6/11/2016 17:08,6/11/2016 17:16,Iorgos,8809760592,52,265814,Cary,Morrisville,3.7,55.5,Auto,Errand/Supplies,Carine,9700998304,YES,3.6,YES,Gpay,0%,55.5,Assigned
6/11/2016 17:34,6/11/2016 17:39,Roxanna,8698707739,56,386077,Jamaica,Cary,4.6,69,Auto,Meal/Entertain,Collette,9212537431,YES,3.9,YES,Gpay,0%,69,Cancelled
6/11/2016 17:50,6/11/2016 17:56,Jasen,8944327608,50,125733,New York,Whitebridge,1.7,25.5,Auto,,Killie,9426616674,NO,4.2,YES,Phonpe,0%,25.5,Assigned
6/11/2016 21:45,6/11/2016 22:04,Onida,8421682725,56,646882,Elmhurst,Durham,10.4,156,Auto,Meeting,Ellette,8949025277,NO,4.8,NO,Paytm,0%,156,Assigned
6/11/2016 23:39,6/12/2016 0:05,Tannie,9036945038,23,625132,Midtown,Cary,9.9,148.5,Auto,Meeting,Amara,9247349792,YES,3.6,YES,Uber wallet,10%,133.65,Assigned
6/12/2016 19:53,6/12/2016 19:56,Bren,7856827330,61,210314,East Harlem,Morrisville,2.5,37.5,Auto,Meal/Entertain,Ashlee,9332965757,YES,4.5,YES,cash,0%,37.5,Assigned
6/12/2016 20:05,6/12/2016 20:16,Archibaldo,9944886854,27,484320,Flatiron District,Cary,4.3,64.5,Auto,Errand/Supplies,Kim,9267421665,YES,4.8,YES,Uber wallet,10%,70.95,Assigned
6/12/2016 21:58,6/12/2016 22:19,Adan,8711171626,75,625132,Midtown,Whitebridge,2.8,42,Auto,Errand/Supplies,Jacky,9472034451,NO,4.9,YES,Uber wallet,10%,46.2,Assigned
6/13/2016 5:23,6/13/2016 5:42,Ula,7780998505,70,491563,Midtown East,Morrisville,8.4,126,Auto,Meal/Entertain,Mikkel,9117822322,NO,5,NO,Uber wallet,10%,138.6,Assigned
6/13/2016 14:17,6/13/2016 14:46,Gretel,8501796491,64,625132,Midtown,Emeryville,13.2,198,Auto,Meeting,Geri,9738692778,YES,3,YES,Uber wallet,10%,217.8,Assigned
6/13/2016 18:08,6/13/2016 18:47,Mathias,8262744903,64,509117,Hudson Square,Berkeley,3.9,58.5,Auto,Meal/Entertain,Stanislas,9564616492,YES,3.6,YES,cash,0%,58.5,Assigned
6/13/2016 18:54,6/13/2016 19:23,Rebbecca,8824244356,53,223672,Lower Manhattan,Oakland,5.1,76.5,Auto,Meal/Entertain,Yvon,9985025265,YES,3.9,YES,Gpay,0%,76.5,Assigned
6/13/2016 20:00,6/13/2016 20:05,Nonie,8076886566,78,318886,Fort Pierce,Unknown Location,5.2,78,Auto,Customer Visit,Jaine,9593730071,NO,4.2,YES,Gpay,0%,78,Assigned
6/14/2016 12:03,6/14/2016 12:21,Riley,8680285214,24,318886,Fort Pierce,San Francisco,9.8,147,Auto,,Abbi,9652057745,NO,4.8,NO,Phonpe,0%,147,Assigned
6/14/2016 16:09,6/14/2016 16:39,Northrop,9728481953,54,318886,Fort Pierce,Emeryville,11.6,174,Auto,Meeting,Mair,9111821429,YES,3.6,YES,Paytm,0%,174,Assigned
6/14/2016 17:15,6/14/2016 17:24,Gannie,8619432095,67,318886,Fort Pierce,Oakland,5.1,102,Uber-Mini,Meeting,Teriann,9115587792,YES,4.5,YES,Uber wallet,10%,91.8,Assigned
6/14/2016 17:27,6/14/2016 17:57,Noam,7992911680,73,475241,West Palm Beach,Bay Farm Island,9.3,186,Uber-Mini,Errand/Supplies,Carmine,9904076761,YES,4.8,YES,cash,0%,186,Arrived
6/15/2016 1:46,6/15/2016 2:06,Noni,8871217423,77,475241,West Palm Beach,New Orleans,12.4,248,Uber-Mini,Between Offices,Margi,9843393882,NO,4.9,YES,Uber wallet,10%,272.8,Arrived
6/15/2016 15:26,6/15/2016 15:34,Horton,8785669125,28,265814,Cary,Lower Garden District,1.9,38,Uber-Mini,Between Offices,Dora,9878699673,NO,5,NO,Uber wallet,10%,41.8,Arrived
6/15/2016 16:37,6/15/2016 17:02,Hersh,8640129418,70,265814,Cary,Lakeview,6.4,128,Uber-Mini,Customer Visit,Dorothee,8987901265,YES,3,YES,Uber wallet,10%,140.8,Assigned
6/15/2016 17:29,6/15/2016 17:49,Chantalle,9437981363,39,386077,Jamaica,Storyville,5.5,110,Uber-Mini,,Kurt,9565375637,YES,3.6,YES,Uber wallet,10%,121,Assigned
6/15/2016 19:52,6/15/2016 19:58,Antonie,9674236926,18,125733,New York,Faubourg Marigny,1.5,30,Uber-Mini,Meal/Entertain,Jens,9725097468,YES,3.9,YES,cash,0%,30,Cancelled
6/21/2016 17:11,6/21/2016 18:02,Cassy,9018445017,73,646882,Elmhurst,Cary,16.6,332,Uber-Mini,Meal/Entertain,Elsy,9465339838,NO,4.2,YES,Gpay,0%,332,Cancelled
6/24/2016 10:41,6/24/2016 10:57,Anallise,8392352695,52,625132,Midtown,Waverly Place,7.1,142,Uber-Mini,Meal/Entertain,Pattin,9611982749,NO,4.8,NO,Gpay,0%,142,Assigned
6/24/2016 11:54,6/24/2016 12:01,Juliette,9550710123,27,210314,East Harlem,Macgregor Downs,2.1,42,Uber-Mini,Meal/Entertain,Aylmer,8909617891,YES,3.6,YES,Phonpe,0%,42,Cancelled
6/24/2016 12:19,6/24/2016 12:37,Shanon,8436059007,57,484320,Flatiron District,Raleigh,8.6,172,Uber-Mini,Errand/Supplies,Price,9647090347,YES,4.5,YES,Paytm,0%,172,Assigned
6/24/2016 12:50,6/24/2016 13:12,Danni,8684416367,22,625132,Midtown,Morrisville,9,180,Uber-Mini,Errand/Supplies,Siegfried,9419083292,YES,4.8,YES,Uber wallet,10%,162,Assigned
6/24/2016 13:18,6/24/2016 13:27,Tadeas,9030614277,22,491563,Midtown East,Cary,3.1,62,Uber-Mini,Errand/Supplies,Shaine,9601921145,NO,4.9,YES,cash,0%,62,Arrived
6/24/2016 14:01,6/24/2016 14:20,Howard,9956175417,20,625132,Midtown,Morrisville,8.4,168,Uber-Mini,Temporary Site,Kip,9469489820,NO,5,NO,Uber wallet,10%,184.8,Assigned
6/24/2016 20:44,6/24/2016 21:02,Consuelo,9418745993,32,509117,Hudson Square,New Orleans,12.8,256,Uber-Mini,,Marve,9503219756,YES,3,YES,Uber wallet,10%,281.6,Assigned
6/25/2016 9:03,6/25/2016 9:12,Davita,9821685905,63,223672,Lower Manhattan,Bywater,4.5,90,Uber-Mini,,Golda,9151458155,YES,3.6,YES,Uber wallet,10%,99,Assigned
6/25/2016 9:15,6/25/2016 10:08,Raeann,9643689680,58,318886,Fort Pierce,Chalmette,11.8,236,Uber-Mini,Between Offices,Cara,9544903930,YES,3.9,YES,Uber wallet,10%,259.6,Assigned
6/25/2016 10:18,6/25/2016 10:25,Orsola,8737530565,25,318886,Fort Pierce,Arabi,1.1,22,Uber-Mini,Errand/Supplies,Rosemaria,9940412574,NO,4.2,YES,cash,0%,22,Assigned
6/25/2016 10:50,6/25/2016 11:18,Renard,8782334775,15,318886,Fort Pierce,Metairie,17,340,Uber-Mini,Meal/Entertain,Haskel,9199720906,NO,4.8,NO,Gpay,0%,340,Assigned
6/25/2016 11:25,6/25/2016 11:34,Jobina,8420077199,53,318886,Fort Pierce,Pontchartrain Shores,1.7,34,Uber-Mini,Meeting,Ede,9659266471,YES,3.6,YES,Gpay,0%,34,Assigned
6/25/2016 11:53,6/25/2016 13:21,Irwinn,8456595754,43,475241,West Palm Beach,New Orleans,15.5,310,Uber-Mini,Meeting,Moss,9651245558,YES,4.5,YES,Phonpe,0%,310,Arrived
6/25/2016 19:47,6/25/2016 19:58,Linet,7805962313,65,475241,West Palm Beach,Marigny,1.6,32,Uber-Mini,,Marcelo,9953579053,YES,4.8,YES,Paytm,0%,32,Arrived
6/25/2016 23:19,6/25/2016 23:26,Clo,8490625259,58,265814,Cary,Storyville,1.5,30,Uber-Mini,,Rosmunda,9622854398,NO,4.9,YES,Uber wallet,10%,27,Arrived
6/26/2016 17:43,6/26/2016 18:18,Baron,9544473156,25,265814,Cary,Kenner,12.6,252,Uber-Mini,Meeting,Cindi,9080785128,NO,5,NO,cash,0%,252,Arrived
6/28/2016 0:48,6/28/2016 1:05,Pansie,8443452483,36,386077,Jamaica,Cary,8.2,164,Uber-Mini,Customer Visit,Dalli,9473518776,YES,3,YES,Uber wallet,10%,180.4,Assigned
6/28/2016 20:13,6/28/2016 20:33,Ruthy,9445399778,48,125733,New York,Durham,10.4,260,Uber-Micro,Meeting,Katherina,8943538488,YES,3.6,YES,Uber wallet,10%,286,Assigned
6/28/2016 23:34,6/28/2016 23:59,Mayne,8928866895,15,646882,Elmhurst,Cary,9.9,247.5,Uber-Micro,Meeting,Maximilianus,9126243201,YES,3.9,YES,Uber wallet,10%,272.25,Assigned
6/28/2016 23:34,6/28/2016 23:59,Fedora,8338213603,28,625132,Midtown,Cary,9.9,247.5,Uber-Micro,Meeting,Selia,9278160744,NO,4.2,YES,Uber wallet,10%,272.25,Cancelled
6/29/2016 8:56,6/29/2016 9:24,Gus,8453053065,49,210314,East Harlem,Morrisville,7.3,182.5,Uber-Micro,,Yasmeen,9942981425,NO,4.8,NO,cash,0%,182.5,Arrived
6/29/2016 10:22,6/29/2016 10:38,Olly,7912434258,28,484320,Flatiron District,Cary,7.4,185,Uber-Micro,,Hazel,9637779138,YES,3.6,YES,Gpay,0%,185,Assigned
6/29/2016 11:49,6/29/2016 11:51,Loise,8971030983,52,625132,Midtown,Westpark Place,1.6,40,Uber-Micro,,Sergeant,9287040081,YES,4.5,YES,Gpay,0%,40,Assigned
6/29/2016 12:11,6/29/2016 12:16,Meade,8016304590,34,491563,Midtown East,Whitebridge,1.8,45,Uber-Micro,,Dylan,9568651519,YES,4.8,YES,Phonpe,0%,45,Assigned
6/29/2016 20:11,6/29/2016 20:29,Gus,9466428220,44,625132,Midtown,Durham,10.4,260,Uber-Micro,Meeting,Daron,9920875911,NO,4.9,YES,Paytm,0%,260,Arrived
6/29/2016 23:38,6/30/2016 0:00,Elianora,9700198184,64,509117,Hudson Square,Cary,9.9,247.5,Uber-Micro,Meeting,Burk,9891913387,NO,5,NO,Uber wallet,10%,222.75,Cancelled
6/30/2016 20:09,6/30/2016 20:26,Gan,9304398587,24,223672,Lower Manhattan,Durham,9.9,247.5,Uber-Micro,Meeting,Damien,9564694049,YES,3,YES,cash,0%,247.5,Assigned
7/1/2016 0:00,7/1/2016 0:25,Rem,9394817539,15,318886,Fort Pierce,Cary,9.9,247.5,Uber-Micro,Meeting,Wadsworth,9432856913,YES,3.6,YES,Uber wallet,10%,272.25,Assigned
7/1/2016 9:34,7/1/2016 9:57,Kacey,8400517183,70,318886,Fort Pierce,Raleigh,13.3,332.5,Uber-Micro,Meeting,Charmian,9318311946,YES,3.9,YES,Uber wallet,10%,365.75,Assigned
7/1/2016 12:36,7/1/2016 13:00,Moselle,8554485503,31,318886,Fort Pierce,Cary,11.3,282.5,Uber-Micro,Meeting,Darlleen,8919116367,NO,4.2,YES,Uber wallet,10%,310.75,Assigned
7/1/2016 20:06,7/1/2016 20:24,Bernadine,9178785897,42,318886,Fort Pierce,Durham,10.5,262.5,Uber-Micro,Meeting,Natty,9385978092,NO,4.8,NO,Uber wallet,10%,288.75,Assigned
7/1/2016 23:48,7/2/2016 0:09,Bidget,8149360880,70,475241,West Palm Beach,Cary,9.9,247.5,Uber-Micro,Meeting,Mord,9463597406,YES,3.6,YES,cash,0%,247.5,Assigned
7/2/2016 20:18,7/2/2016 20:36,Adella,9525730433,29,475241,West Palm Beach,Durham,10.1,252.5,Uber-Micro,Meeting,Anna-diane,9719084220,YES,4.5,YES,Gpay,0%,252.5,Cancelled
7/2/2016 23:48,7/3/2016 0:12,Saloma,8704822970,78,265814,Cary,Cary,9.9,247.5,Uber-Micro,Meeting,Adria,9716297651,YES,4.8,YES,Gpay,0%,247.5,Assigned
7/3/2016 0:28,7/3/2016 0:38,Debor,9876848232,32,265814,Cary,Morrisville,3.1,77.5,Uber-Micro,Errand/Supplies,Tonie,9377216281,NO,4.9,YES,Phonpe,0%,77.5,Assigned
7/3/2016 3:02,7/3/2016 3:08,Iago,8815566842,64,386077,Jamaica,Cary,3.1,77.5,Uber-Micro,Errand/Supplies,Kain,9790394844,NO,5,NO,Paytm,0%,77.5,Assigned
7/3/2016 20:00,7/3/2016 20:18,Jennica,9275357657,49,125733,New York,Durham,9.9,247.5,Uber-Micro,Meeting,Bent,9043361497,YES,3,YES,Uber wallet,10%,222.75,Assigned
7/4/2016 0:32,7/4/2016 0:47,Gwendolin,8771845984,59,646882,Elmhurst,Cary,9.9,247.5,Uber-Micro,Meeting,Edin,9697011867,YES,3.6,YES,cash,0%,247.5,Assigned
7/4/2016 17:31,7/4/2016 17:49,Cori,8049663650,46,625132,Midtown,Summerwinds,8.8,220,Uber-Micro,Meeting,Virginie,9997174517,YES,3.9,YES,Uber wallet,10%,242,Assigned
7/4/2016 18:23,7/4/2016 18:49,Adi,8548987329,21,210314,East Harlem,Whitebridge,8.7,217.5,Uber-Micro,Temporary Site,Lebbie,9481499608,NO,4.2,YES,Uber wallet,10%,239.25,Cancelled
7/4/2016 20:00,7/4/2016 20:17,Mercedes,8287814299,18,484320,Flatiron District,Durham,11.8,295,Uber-Micro,Meeting,Pen,9721300884,NO,4.8,NO,Uber wallet,10%,324.5,Assigned
7/5/2016 0:00,7/5/2016 0:05,Dell,8320982693,41,625132,Midtown,Parkwood,1.2,30,Uber-Micro,Errand/Supplies,Costanza,9370918724,YES,3.6,YES,Uber wallet,10%,33,Cancelled
7/5/2016 0:08,7/5/2016 0:28,Earvin,9632177504,42,491563,Midtown East,Cary,9.9,297,Prime,Meeting,Carry,9105650281,YES,4.5,YES,cash,0%,297,Arrived
7/5/2016 16:48,7/5/2016 16:52,Liva,7891978412,30,625132,Midtown,Whitebridge,0.6,18,Prime,Errand/Supplies,Charlena,9610925288,YES,4.8,YES,Gpay,0%,18,Arrived
7/5/2016 20:06,7/5/2016 20:26,Win,8840072531,69,509117,Hudson Square,Durham,9.9,297,Prime,,Sybila,9832868081,NO,4.9,YES,Gpay,0%,297,Arrived
7/5/2016 22:41,7/5/2016 23:02,Emylee,8731048212,60,223672,Lower Manhattan,Morrisville,8.6,258,Prime,,Sandy,9699969249,NO,5,NO,Phonpe,0%,258,Arrived
7/6/2016 0:33,7/6/2016 0:53,Westley,8810035063,31,318886,Fort Pierce,Cary,6.3,189,Prime,Meal/Entertain,Cher,8925244829,YES,3,YES,Paytm,0%,189,Arrived
7/6/2016 9:06,7/6/2016 9:25,Meara,9999003231,43,318886,Fort Pierce,Durham,9.9,297,Prime,Meeting,Mannie,9666858187,YES,3.6,YES,Uber wallet,10%,267.3,Arrived
7/6/2016 12:48,7/6/2016 13:08,Demetre,9090641679,39,318886,Fort Pierce,Cary,9.9,297,Prime,,Chelsie,9909705701,YES,3.9,YES,cash,0%,297,Arrived
7/6/2016 20:04,7/6/2016 20:14,Pavla,9659143795,73,318886,Fort Pierce,Morrisville,3.3,99,Prime,Meal/Entertain,Roxy,9108173687,NO,4.2,YES,Uber wallet,10%,108.9,Arrived
7/6/2016 23:46,7/6/2016 23:59,Charissa,9726956378,49,475241,West Palm Beach,Cary,3.1,93,Prime,Customer Visit,Kimberly,9046703627,NO,4.8,NO,Uber wallet,10%,102.3,Arrived
7/7/2016 8:22,7/7/2016 8:50,Paige,8812181452,26,475241,West Palm Beach,Morrisville,7.9,237,Prime,Temporary Site,Allx,9314741730,YES,3.6,YES,Uber wallet,10%,260.7,Assigned
7/17/2016 11:23,7/17/2016 11:50,Lora,9275887972,41,265814,Cary,Boone,15.1,453,Prime,Charity ($),Saundra,8941426219,YES,4.5,YES,Uber wallet,10%,498.3,Arrived
7/17/2016 12:20,7/17/2016 15:25,Ely,9273161759,52,265814,Cary,Cary,180.2,5406,Prime,Commute,Aurlie,9450752773,YES,4.8,YES,cash,0%,5406,Arrived
7/18/2016 10:37,7/18/2016 10:49,Kaile,9872248933,47,386077,Jamaica,Morrisville,4.1,123,Prime,Moving,Silas,9218500771,NO,4.9,YES,Gpay,0%,123,Arrived
7/18/2016 10:54,7/18/2016 11:15,Stephan,9518650766,35,125733,New York,Cary,6.1,183,Prime,Moving,Tim,9770864241,NO,5,NO,Gpay,0%,183,Assigned
7/18/2016 11:25,7/18/2016 11:36,Orion,9521565441,58,646882,Elmhurst,Preston,3.3,99,Prime,Moving,Roderich,9416938772,YES,3,YES,Phonpe,0%,99,Arrived
7/18/2016 11:40,7/18/2016 11:56,Trev,9315128236,15,625132,Midtown,Whitebridge,4.7,141,Prime,Moving,Tessie,9576093045,YES,3.6,YES,Paytm,0%,141,Arrived
7/18/2016 17:12,7/18/2016 17:33,Sheila-kathryn,8878149371,68,210314,East Harlem,Apex,7.2,216,Prime,Meeting,Cher,9354821507,YES,3.9,YES,Uber wallet,10%,194.4,Assigned
7/18/2016 18:32,7/18/2016 18:47,Merrilee,7877222224,74,484320,Flatiron District,Cary,5.5,165,Prime,Meal/Entertain,Hagan,9790236814,NO,4.2,YES,cash,0%,165,Arrived
7/18/2016 19:07,7/18/2016 19:14,Kristel,8997669465,15,625132,Midtown,Morrisville,3.3,99,Prime,Meal/Entertain,Carolus,8900650556,NO,4.8,NO,Uber wallet,10%,108.9,Arrived
7/18/2016 20:28,7/18/2016 20:32,Durante,8102435615,44,491563,Midtown East,Weston,0.9,27,Prime,Errand/Supplies,Nicoline,9368382961,YES,3.6,YES,Uber wallet,10%,29.7,Arrived
7/18/2016 21:11,7/18/2016 21:19,Konstanze,9151829859,46,625132,Midtown,Cary,3.8,114,Prime,Meal/Entertain,Rhonda,9626523261,YES,4.5,YES,Uber wallet,10%,125.4,Assigned
7/19/2016 10:35,7/19/2016 10:51,Mei,8374993328,69,509117,Hudson Square,Stonewater,6.4,192,Prime,Customer Visit,Sherry,9578150844,YES,4.8,YES,Uber wallet,10%,211.2,Assigned
7/19/2016 10:56,7/19/2016 11:11,Agretha,8477046482,69,223672,Lower Manhattan,Lexington Park at Amberly,3,90,Prime,Meeting,Robby,9717870716,NO,4.9,YES,cash,0%,90,Assigned
7/19/2016 11:30,7/19/2016 12:00,Paul,9340490241,17,318886,Fort Pierce,Whitebridge,8.7,261,Prime,Meal/Entertain,Marta,9674805081,NO,5,NO,Gpay,0%,261,Arrived
7/19/2016 17:14,7/19/2016 17:24,Valaria,8463584856,16,318886,Fort Pierce,Chessington,3.9,117,Prime,Errand/Supplies,Amble,9340628205,YES,3,YES,Gpay,0%,117,Arrived
7/19/2016 17:50,7/19/2016 18:08,Sisile,8920046487,45,318886,Fort Pierce,Whitebridge,4.8,47.04,Bike,,Rosita,9426832859,YES,3.6,YES,Phonpe,0%,47.04,Arrived
7/20/2016 17:12,7/20/2016 17:24,Nanette,9465017998,38,318886,Fort Pierce,Edgehill Farms,2.8,27.44,Bike,,Kelly,9539129514,YES,3.9,YES,Paytm,0%,27.44,Arrived
7/20/2016 17:50,7/20/2016 17:57,Rolando,8016989582,23,475241,West Palm Beach,Preston,1.4,13.72,Bike,,Loutitia,9577763825,NO,4.2,YES,Uber wallet,10%,12.348,Arrived
7/20/2016 18:16,7/20/2016 18:20,Gwennie,7798632819,79,475241,West Palm Beach,Whitebridge,1.4,13.72,Bike,,Romonda,9020496201,NO,4.8,NO,cash,0%,13.72,Arrived
